id,imdb_score
ts300399,
tm84618,8.3
tm127384,8.2
tm70993,8
tm190788,8.1
ts22164,8.8
tm14873,7.7
tm185072,7.8
tm98978,5.8
tm119281,7.7
tm67378,7.3
tm44204,7.5
tm69778,7.6
tm69997,8.1
tm96649,6.9
tm16479,7.5
tm135083,7.5
tm14491,7.2
tm89386,7.5
tm156453,6.2
tm27298,7.6
tm356209,6.4
tm204541,6.7
tm14350,7.2
tm102287,6.8
tm76557,9
tm71909,6.7
tm94651,2.1
tm19608,7.4
ts45948,8.1
tm90896,7.2
tm75975,6.9
tm97793,
tm85426,
tm188894,
tm107372,6.5
tm200475,6.5
tm259855,6.2
tm259684,7.8
tm344089,6.2
tm358653,6.7
tm100027,6.2
tm10204,6.8
tm403346,4.6
tm16812,4.2
tm336403,5.1
tm119776,6.9
ts20681,8.9
tm111075,8.1
tm180542,8.3
tm138875,7.7
tm155792,6.7
tm22327,8.3
tm54450,6.7
tm2386,7.4
ts22082,6.9
tm145608,7.8
ts21715,6.5
tm41289,6.6
tm132694,6.5
ts20678,7.1
tm117580,6.7
tm20712,7.6
tm130586,4.9
ts25028,6.7
ts23753,6.4
ts2760,6.1
ts987,7.4
tm125985,7.2
tm40103,7.3
tm21953,7.2
tm152839,6
tm62924,7.9
tm114356,6
tm147829,6
tm126769,8
tm49037,7.7
tm159912,7.6
tm133914,8.1
tm38736,6.7
tm258072,7
tm52815,6.5
tm137013,7.2
tm157853,5.6
tm157603,6.6
tm45720,8.7
tm55091,7.1
tm151332,6.5
tm24110,6.3
tm348735,5.1
tm51083,5.8
tm126791,
tm186777,
tm311264,4.8
tm172482,6.1
tm52274,6.3
tm132164,
tm342996,6.2
ts63001,3.8
tm411457,6.1
tm371359,5.2
tm446654,5.4
tm47673,7.3
tm419052,6.3
tm11556,6.5
ts20981,7.4
ts22176,8.4
ts21223,7.6
tm122434,8.8
tm106462,7
ts20339,8.8
tm57554,8.6
ts34435,8.9
ts20927,8.1
ts5145,7.8
tm192405,7.8
ts21567,8.2
tm55553,7.1
tm56574,6.7
tm192037,7.3
ts20983,8.5
ts22193,7.8
tm191989,7.7
ts20960,6.5
tm65686,6.5
ts11397,6.2
tm54903,6.6
tm187187,6.4
tm191772,7.1
tm191848,7.5
tm121879,7.2
tm44402,7.3
ts22489,7.6
ts25252,7.2
ts21034,7.9
tm53419,6.9
tm189764,7.5
tm9323,7.1
tm46173,6.8
tm19673,7.2
tm24877,6.5
tm189433,6
ts251477,
tm1822,4.5
tm187791,7.2
tm19494,6.6
tm10739,5.6
tm113576,7.3
tm191387,4.8
tm6859,6.9
tm186589,6.5
tm191374,5.7
tm8446,6
ts8570,3.8
tm21596,5.8
tm48430,5.4
tm190835,8
tm192199,5.2
tm184205,5.6
tm12499,5.9
tm192431,6.2
tm56033,7
tm190486,4.7
tm61103,6.4
tm117488,4.5
tm55732,4.7
tm191431,4.7
tm17721,6.5
ts20939,5.7
ts21693,6.2
ts22286,8
tm190811,6.5
tm107659,6.6
ts21581,7.2
tm7135,
tm7073,4.5
tm63514,7.9
ts20918,6.8
tm10811,6.8
tm188970,8.5
tm188606,7
tm128073,
ts18465,7.1
tm64817,7.9
tm320211,6.4
tm189171,6.7
tm67635,7.6
ts22080,7.4
ts22039,7.4
tm41525,7.8
tm7951,5.9
ts21684,7.8
tm55100,7.5
ts224786,
tm204173,4.7
tm191614,7.1
tm8859,4
tm424630,7.2
tm12876,8.1
tm52083,7.6
tm9898,7.6
tm326102,4.8
tm12482,5.4
tm128925,6.5
tm52871,6.2
ts28516,9
tm62385,6.2
tm184502,7.6
tm7810,5.5
tm27601,6.1
tm8687,
tm47530,6.4
tm105716,5.5
tm117873,7.5
tm189773,5.4
tm7032,6.9
tm58893,5.5
tm340430,6.6
tm184326,7.8
tm110225,4.5
tm34391,7.3
tm21911,6.6
tm118438,6.6
tm62176,6.1
tm57169,7.8
tm184224,7.8
tm44776,5.9
tm104933,6.7
tm203186,8.2
tm256669,6.1
tm117840,6.5
tm334788,4.5
tm110160,7.9
tm192301,6.7
tm110766,6.9
tm118256,3.6
tm64729,6.2
tm314602,5
tm25389,6
tm42397,4.6
tm210754,
tm449775,5.9
tm255589,
ts4,9.5
ts9,8.2
ts26091,7.8
ts11,8.7
ts21469,7.6
ts288536,8.6
ts6495,8.1
ts22337,7.8
ts8308,8.5
ts22011,8.4
ts21465,8.5
tm33545,7.1
tm172683,6.5
ts17156,8.7
ts20573,8.5
ts12724,8.3
ts3371,9.3
tm92641,8.8
tm102740,6.6
tm87484,8.1
ts20604,8.7
tm39030,8
tm78592,7.2
ts21511,7.6
ts19036,7.2
tm116324,6.6
ts32186,6.1
ts11313,9
tm34310,6.5
ts21247,7.7
tm160815,6.6
tm78671,6.1
tm89036,7
tm86803,7.8
tm105329,7.7
ts20305,8.4
tm35463,7.5
tm84371,7.2
tm139658,8
tm79442,8
tm131038,7
ts2230,5.6
tm154187,7.6
tm133767,7.6
tm88738,7.2
ts17942,8.8
tm148270,6.7
tm93055,5.9
tm133374,7.6
tm26897,6.6
tm109304,7.1
ts22267,8.6
tm76066,8.1
tm90190,7.6
tm997728,
tm29737,7
tm84906,7.6
ts6644,8.5
tm142086,7.8
ts22018,6.7
ts30311,6.9
tm95252,6.8
tm136808,7.3
ts21197,7.9
tm195620,
tm109137,6.3
tm84613,6.7
tm173551,7.3
tm94606,7.1
tm136308,7.3
tm82985,5.8
tm145593,6.3
tm150260,6.9
ts30313,8.3
tm119111,6.7
tm130647,6.3
tm32919,8
tm23935,6.8
tm137143,6.3
tm28905,6.2
tm44486,6.5
tm39487,5.9
tm169949,6.7
ts35155,8.3
tm184913,6.8
tm118637,7
tm58382,5.7
tm40009,6.8
ts12787,8.7
tm154470,6.5
tm22294,5
tm78067,6.5
tm148379,4
tm76428,
tm21467,5.8
tm46436,5.6
tm57190,5.9
tm37546,6.4
tm30205,8
tm159310,7.3
tm89592,5.8
tm167516,5.5
tm79895,6
tm88045,5.4
tm111600,5.1
tm143938,5.1
tm31187,6.7
tm141390,5.5
tm74780,7.4
tm150214,5.7
ts21544,7.9
tm176528,7.3
tm102337,5.2
tm36188,7.1
tm88382,5.9
ts31263,7.6
tm47523,6.3
tm24088,5.1
tm137362,6.2
tm177068,6.1
tm82442,6.2
tm90864,6.5
tm101249,5.5
ts687,7.3
ts24028,8.9
tm142564,8.4
ts23752,8.6
ts21706,7.2
ts21740,8.3
ts30356,7.6
tm89684,4.8
ts31514,7
ts22005,7.4
tm183963,6.8
tm27268,6.6
tm81270,6.1
tm137342,6.6
ts21688,7.9
ts22318,6.2
tm161263,5.1
ts12815,6.3
tm26638,5.8
tm55303,7.6
tm31189,6.5
tm165593,5.5
ts15986,7.6
ts26322,8
tm78767,5.9
ts98340,
tm36644,6
tm77649,5.9
ts33559,8
tm33113,6.6
tm78189,
tm43399,8.1
tm147211,6.2
ts56549,6.7
tm29555,5.8
tm93225,6.9
ts20398,8.3
tm86189,5.6
ts21421,3.9
tm104880,8.4
tm101334,5.6
tm135451,7.6
ts20526,6.6
tm186461,
ts30083,7.7
tm141707,6.7
tm103095,7.5
ts23835,7.6
tm83786,8.3
ts23808,8.1
ts27459,7
ts20544,8.2
tm27168,7.4
ts40702,5.4
ts30288,7.8
tm114476,5.5
ts21967,5.1
ts12701,7.3
tm130574,4.9
ts21695,7.8
ts121176,6.5
ts1893,7.5
ts20535,5.3
tm160800,6.4
ts38159,8.1
tm22493,7.6
tm164557,6.3
tm112381,6.9
tm71119,3.6
tm134235,7.5
tm86995,5.4
ts17028,5.6
tm137530,5.6
ts25765,7.3
ts3666,7.9
ts42914,6.8
tm100688,7.4
tm31290,
tm36475,7.4
tm80059,6.7
tm53999,
tm22636,7.1
tm30289,8
tm38896,5.6
tm29269,7.5
tm156001,3.9
ts21664,7
tm73058,6.7
tm76835,7.9
ts1464,8.1
tm48083,4.8
tm33981,6.5
tm80339,6.6
ts72322,6.6
ts52849,6.3
tm165259,5.9
tm97544,5.1
tm65142,6.9
ts14102,4.1
tm22342,5.8
tm24576,6.4
tm41508,4.5
ts74928,7.6
tm52352,6.3
tm170873,7
tm176297,6.1
ts74931,7.2
tm110923,6.6
tm150521,6.6
tm75022,
tm177687,6.4
tm22989,7.9
ts98252,6.5
tm156575,6.3
ts20358,7
ts44053,
ts23319,6.9
tm91046,7.4
tm61056,8.1
tm138497,7.3
tm93612,7.4
tm81461,7.1
tm32915,4.4
ts63295,8.7
tm96037,6.9
tm36164,6.8
tm147494,7
tm31564,5.4
tm95238,5.9
tm54147,6.5
tm99776,6.2
tm30170,7.1
tm37945,7.7
tm25029,7
tm59880,7.6
tm34524,7
tm83175,6.9
tm65839,7.2
tm89936,6.6
tm22540,7.1
tm34846,7.2
tm32885,8.1
ts44663,7.4
tm82765,8.1
tm170169,4.7
tm44749,8
tm47325,5.4
tm146887,6.1
tm144345,7.9
tm70222,7.5
tm92977,7.3
ts37200,6.2
tm98975,7.4
tm25842,8.7
tm43179,7.7
tm95434,7.1
tm23441,6
tm418157,
tm86051,8.4
tm44634,7.4
tm62369,6.6
tm23077,6.6
tm31335,5.1
tm139349,7.7
tm85243,8
tm165809,6.6
tm89764,7.2
tm68191,5.5
tm51493,8
ts56589,5.2
ts1413,7.9
tm175687,7.6
ts98353,6.2
tm49405,7.2
tm96168,7.4
tm72587,7.7
tm88366,7
tm101684,5.3
tm38454,7.4
tm164389,6.3
tm77863,6.1
ts137477,7.2
tm138902,7.6
ts4866,7.4
tm149209,7.4
ts34414,7.2
tm147686,7.5
tm82718,8
tm39557,7.4
tm22558,7.3
ts204466,8.5
tm164591,7.4
tm106625,7.2
ts18653,4.1
tm352863,
ts67595,7.5
tm29731,6.9
tm80455,7.6
tm84348,
tm144835,7.4
tm129971,7.1
tm41953,
tm103133,7.1
tm421611,
ts29199,7.9
tm155761,6.3
tm75544,5
tm29028,6.8
tm93004,7.3
tm23977,6.3
tm78790,7.1
tm44530,6.9
tm102848,7.4
tm96595,7.8
tm56428,7.8
tm155774,6.3
tm44378,6.8
tm97982,7.5
tm27484,5.3
tm145243,7.6
tm77348,7.4
ts178360,6.8
tm111226,6.2
tm237621,4.4
tm104349,6.6
tm152724,5.7
tm69694,7.5
tm105278,7.3
tm80487,
tm33729,7.2
tm129763,8.7
tm130301,7.8
tm141117,6.5
tm35652,7.7
tm49865,7.6
tm254745,8.3
tm134140,6.1
ts82592,
tm114504,8.1
tm76029,7
tm33067,6.9
tm103732,8.1
tm712151,7
tm98475,5.6
tm34924,6.8
tm101609,7.1
ts98316,7.2
tm216753,8
tm112235,8.4
tm101540,7.2
tm96052,5.2
tm134407,7.9
tm81864,5.2
tm346951,2.9
tm144263,5.2
ts124246,4.2
tm85689,5.1
ts12444,6.8
tm87909,
tm368679,8.4
tm897538,
tm91323,5.6
tm36636,5.5
tm52176,6.9
ts95855,
tm178555,8
tm42831,5.3
tm135795,6.4
tm254052,4.3
tm166293,7.3
tm99450,5.2
tm154375,3.5
tm241875,7
tm97325,5.6
tm85563,6.4
tm95507,4.8
tm308960,6.5
tm154802,2.9
tm21155,6.7
tm46867,4.8
tm140653,5.6
tm160596,6.5
tm76399,6.4
tm226362,6.4
tm456581,6.3
tm84316,7.1
ts39604,7.4
tm168869,7.3
tm352243,5.9
tm89012,6.3
ts160526,9.6
ts19384,
tm130999,5.6
ts23353,
tm87672,7.7
tm27275,6.6
ts23797,7.6
tm85369,4.3
tm143510,8.4
tm311516,5.5
tm476570,6.7
tm148041,4.8
tm152413,7.4
tm21956,5.2
ts70843,6.8
tm57586,3.4
ts25707,
tm91125,5.4
ts13411,7.1
ts8614,6.7
tm142153,5.5
tm100106,6.7
tm341561,
tm91176,7
tm145690,
ts4924,6.9
tm88343,6.4
ts126804,6.5
tm28024,6.5
ts188031,6.1
tm89054,
tm481594,7.7
ts29581,8
tm1077037,
tm639940,6.3
tm404676,
tm598375,6.4
ts82583,
ts56595,5.6
tm92671,5.7
ts86241,
tm252951,6.1
tm628693,6.5
tm340006,7.4
ts8175,8.5
tm170758,5.4
tm166064,7.4
ts20564,7.7
ts278,8.8
tm170442,7.1
tm41792,8.4
ts21580,8.3
tm50018,7.4
ts20660,8.6
ts21806,7.8
tm60292,7.7
ts27680,8.3
tm164877,7.7
ts21599,7.4
ts33338,8.4
tm166548,8.2
ts32835,9
tm32982,7.5
ts17598,7.5
tm161802,7.8
tm158304,6.8
tm72140,5.8
tm37153,6.2
tm160433,6.4
tm39896,6.2
tm178201,7.4
tm59428,7.7
ts20457,8.4
ts20429,7.6
tm176356,6
tm176507,
ts6506,7.9
ts20458,7.2
tm74848,6.2
ts34087,8.3
tm68272,6.6
tm60844,7.5
tm160132,7
ts27468,6.4
tm172716,5.9
tm278681,6.6
tm40319,6.4
ts20556,4.5
tm173624,5.9
ts9794,8
ts20500,7.9
tm62210,7.4
tm167232,6.8
ts34151,7.3
tm178395,
ts11151,8.2
tm173195,6
ts9246,7.5
ts20648,
ts19779,7.3
tm175346,4.1
tm160371,6.2
ts7708,8.2
ts27586,7.8
ts18551,5.9
ts76614,6.1
tm174256,5.4
ts34740,6.9
ts22249,8.3
tm165995,5.6
tm168921,5.4
tm178323,3.3
tm106278,6.4
ts36647,8.1
tm72845,8.2
ts34921,6.2
tm59590,7.8
ts35426,5
tm174683,7.1
ts27835,7.5
tm182586,8
tm39313,5.7
ts45996,7.4
ts55532,7.6
tm69386,6.8
tm38064,7.7
ts34737,8
ts21081,8.4
tm28171,8.2
tm161904,7.4
tm56296,7.1
tm171292,7.2
tm183039,7.4
tm160361,6.3
tm34331,6.5
tm182125,8.1
tm238681,
tm72251,
tm183547,5.8
tm53625,
tm53034,8
tm174190,7.7
tm164353,6.8
ts81858,7.1
tm165712,
ts158608,8.2
ts215037,5.5
tm68436,8.1
ts39093,6.8
ts26776,6.1
tm52062,6.3
tm176111,5.9
ts33349,5.8
tm31739,6.6
tm170395,
tm177258,7.6
tm177044,7.1
tm49451,7
ts191698,6.4
tm54780,6.7
tm176128,6.5
tm177958,7.7
tm40860,6.1
ts19165,6.4
tm63368,7.8
ts58528,7.4
tm183037,7.1
tm183176,4.7
tm37175,7
tm181856,7.4
tm178106,7.5
tm175909,6.6
tm74031,5
tm57610,7.3
ts27875,6.4
ts6879,8.5
tm59289,5.9
tm53829,5.4
tm47171,8.1
tm65765,6
tm70528,7.3
tm161804,6.4
tm169128,5.2
ts39112,6
ts60663,
tm630933,6.6
tm174518,4.6
tm180532,7.3
tm35700,8.2
tm67444,
tm57382,5.3
tm172883,5.2
tm164090,6.9
tm71992,6.9
tm59372,6.7
tm160021,6.7
tm54371,5.1
tm38013,4.2
tm39606,5.8
tm53395,2
tm66725,6.9
ts167724,7.6
tm48579,5.5
tm159593,7.2
tm34746,6.6
tm167241,5.1
tm161632,7.2
tm50798,6
tm31948,6.3
tm179451,6.2
tm162592,8.1
tm37573,5.1
ts41114,7.9
tm30278,6
tm33601,5.2
tm48239,5.8
tm56734,4.5
tm166810,5.3
tm172353,5.6
tm169053,7.2
tm166740,9
tm34142,3.2
tm168751,6.3
tm38331,6.3
ts32460,7.1
tm98735,
tm44615,6.4
tm182026,3.9
ts32561,6.9
tm529723,7.5
tm60213,5.9
tm70652,6.1
tm42306,4.3
tm53360,5.1
tm69915,5
tm29400,7.1
ts69208,7.6
tm946846,
tm339197,7.8
tm34646,5.2
ts99814,8.2
tm200838,7.8
tm481620,8
tm57256,3.8
ts44064,6.5
tm172211,7
ts128422,6.5
tm165932,6.3
tm172504,6.7
tm224577,6.4
tm1077038,
tm481509,6.3
tm159623,5.9
ts39465,6.8
tm51412,6.7
tm235979,5.3
tm361958,4.9
ts37864,7
tm181366,6.3
ts20837,8.4
ts20110,8.8
ts20682,9
ts1639,8
ts20351,6.1
tm140389,7.2
ts11188,7.6
tm151663,7.8
ts20292,7.8
ts16045,6.5
tm169422,8
tm169719,7.5
tm140877,8
tm171042,6.7
ts8146,7.6
tm148147,7.2
ts21374,8.1
tm183523,5.7
tm176864,8.1
ts20248,7.5
tm134967,7.8
tm143227,7.4
tm160621,7.5
tm180572,6.5
ts14583,8.8
ts6,8.7
ts20108,5.6
tm148671,6.5
tm182429,6.5
tm153284,6.4
ts20823,8.1
ts20824,8.3
ts21367,7.8
tm151807,6.3
tm145655,7.2
ts20280,8
ts35682,8.6
ts20261,7.6
tm161525,5.3
tm175843,6.3
ts34950,7.9
tm181270,6.4
ts20791,6.6
ts20288,6.9
tm168400,5.2
ts2727,8.1
tm237143,6.9
tm176630,7.2
ts32218,5.6
ts20097,7
tm178712,3.5
ts314002,7.9
ts20281,6.8
ts20014,7.8
tm187979,6.3
ts35570,8.1
ts32271,8.6
ts4213,7.5
tm161282,6.6
tm165521,
tm184608,4.8
tm144046,6.3
ts20917,7.5
ts35282,5.9
tm161029,6.8
tm143474,5.4
tm140342,5.1
tm141648,5.5
ts20336,8.1
ts36836,8.3
tm142856,5.7
ts22426,7.1
tm181081,7.1
ts42168,7.9
ts98110,7.3
tm178211,5.8
tm144121,6.9
ts22383,5.5
tm151447,6.3
ts11794,6.4
tm154797,5.7
ts20310,6.9
tm159796,5.6
tm181533,5.6
ts35244,7.1
tm469911,
ts82979,6.1
tm148976,8
tm143642,7.5
ts10206,7.7
ts20709,7.7
ts32060,5.6
tm162271,8.3
tm166628,5.3
tm171228,7.1
tm136601,6
tm143757,5.6
tm143372,7.3
tm71148,6.4
tm161562,7.1
tm151716,8.2
ts22445,7.5
tm180599,5.2
ts20790,7.3
tm171965,8
tm185208,7.6
ts20883,5.1
tm167944,7.8
tm149038,8.3
ts33590,5
tm159362,4.6
ts21368,7.4
ts2161,6.2
tm172710,6.9
tm157085,6
tm174289,5.8
tm187390,8.1
tm171929,7.3
tm147913,8.2
tm170919,6.5
tm180643,6.4
ts34066,6.7
tm152843,6.1
tm177223,
tm152273,6.8
tm2269,6
tm138431,8.2
tm152904,7.7
tm35895,6.6
tm176481,6.1
ts53641,6.4
ts37187,6.8
tm199408,7.6
ts58137,4.8
ts75104,6.2
tm144021,6.5
ts521,4.6
ts33840,7.3
tm168685,6.6
tm182275,7.5
ts88394,8.6
ts58010,4.3
tm182969,6.8
tm148910,8.1
tm143363,6.9
tm139617,
ts83239,7
ts16117,7.3
tm158671,4
tm165504,6.4
tm148662,7.3
ts154625,7.9
ts76743,6.3
tm158980,6.5
tm148597,7.6
ts57744,
tm145791,7.2
tm155291,7.6
tm156811,8.2
tm150033,6.7
ts75833,6.1
tm180802,
ts3799,7
ts35628,8.5
ts20781,8.6
tm151210,7.6
tm149578,7.9
tm182534,
tm360904,
tm186054,6.3
tm235553,5
tm147518,6.4
tm183706,7.8
tm178513,6.6
tm182322,7.8
tm236725,7.1
tm153055,6.9
tm142630,3.9
tm185797,6.9
tm154729,7
tm148457,6.8
tm145627,6.2
tm158302,8
tm140334,
ts121189,9
tm186161,5.3
ts34074,7.6
tm209037,7.6
tm348393,4.8
tm151927,6.9
ts122290,8.2
tm169669,7.2
tm175812,8
tm181550,4.6
tm228574,5.4
tm149914,8
tm145216,6
tm149747,7.2
tm140911,6.7
tm158692,6.8
tm137379,
tm587320,6.8
tm160034,6
tm158436,7
tm172027,7.8
tm146657,7.1
ts82860,7.6
tm159819,6.4
tm183805,5.8
tm458034,
tm175954,7.2
tm182227,7.3
tm159094,6.5
ts36127,6.5
tm157609,7.4
tm179328,5.1
tm151860,7.9
tm139922,7.3
tm184511,6.2
ts67797,5.6
tm157461,7.5
tm178992,5
tm144541,6.4
tm215339,5.4
tm177645,7.1
tm200926,7.3
tm181092,5.3
tm183002,7.7
tm144557,4.5
tm205684,7
tm167107,6.7
tm143299,5.8
tm175753,5.4
tm185736,6.4
tm460055,7.3
tm182580,7.3
tm157681,6.6
tm197423,6.4
tm162259,7.8
tm167342,5.9
tm169054,7.3
tm169294,5.5
tm178234,6.7
tm132675,
tm155014,6.7
tm188290,6.4
tm187505,6.3
tm155051,6.2
tm183654,5.9
tm176900,5.1
tm179248,4.5
tm158546,6.1
tm250364,7.4
tm157062,5.3
tm144451,5.2
tm171891,1.7
tm242276,7.2
tm187118,5.2
tm202914,6.4
tm159296,3.9
tm186408,5.6
tm156397,8.3
tm166723,6.7
tm155507,5.8
tm159701,6.3
tm163066,7.8
tm323262,7.3
ts20238,7.3
tm149541,6.9
tm181051,6.3
tm146144,5.5
tm681614,2.9
tm147908,5.5
tm150962,5.7
tm1194608,
tm577690,6.2
tm136036,7.4
tm177224,4.9
tm1036195,
tm142852,7
tm180738,2.6
ts271005,
ts32752,8
tm188108,6.6
tm147405,7.1
ts144527,
tm157286,6.9
tm250247,8.6
tm157783,3.8
ts107543,6.9
tm177376,
tm145658,4
tm610571,7.4
tm528044,8.5
tm176553,4.8
tm175364,7.1
tm529733,8.6
tm138280,6.1
ts261583,6.1
tm175577,6
tm481846,5.1
tm528043,8.1
ts8,8.8
ts36577,8.5
ts38796,8.7
ts21867,8.5
ts37143,8.4
ts35251,8.2
ts41766,8.2
ts36885,8.4
ts37539,8.7
ts37490,7.6
ts41961,7.9
ts42069,8.7
ts37866,8.3
tm232579,7.8
tm243100,7.6
ts38304,7.3
ts36952,8.1
tm150928,6.8
ts35793,8.3
ts39007,6.1
ts35201,8.2
ts36147,8.1
ts36550,6.8
tm242705,7
tm120108,7.1
tm206698,5.3
ts38199,7.6
tm239727,7.5
tm199607,7.1
ts53051,7.9
ts47714,8.3
ts21869,8.2
tm204163,7.1
tm135307,5.4
ts42170,7.7
ts70529,7.7
tm138905,7.8
tm137693,6.5
ts18010,7.9
ts38718,6.7
tm136465,7.1
ts42120,8
tm195209,6.9
ts36631,8.8
ts42062,7.7
ts41956,7.5
ts52922,9
ts36015,7.9
ts21981,7.8
ts38710,7.3
tm120609,6.3
ts35253,7.5
ts35554,7.1
ts38090,7.9
tm233377,7.3
ts42014,7.6
tm193769,7.2
ts35563,6.2
ts36129,7.8
tm233425,8.1
ts42077,7.9
ts42687,5.4
ts38734,7.4
tm143984,5.9
tm212927,6.3
ts53099,7.6
ts53664,8.3
tm143085,6.8
tm209987,6.9
ts42022,8.2
ts38415,7.1
tm137002,8
ts43209,7.6
tm239676,6.6
ts42169,8.5
ts41289,8.1
tm138297,7.3
ts38511,7.7
tm245271,7.1
tm134791,5.5
ts21986,7.2
ts41149,7.4
ts52829,6.7
tm135106,6
ts35775,7.4
ts41975,7.5
tm196125,6.6
ts41490,7.6
ts36177,7.3
ts37464,7.7
tm196296,7.5
ts37971,8.3
ts21885,7.6
tm233214,6.8
ts38783,7.4
tm219233,7
ts36983,6.7
ts41963,6.9
ts52838,7.3
ts38204,8.6
tm199700,7.1
tm200126,6.4
tm132273,6.6
ts36046,5.3
ts36545,6.6
tm139532,6.2
ts36856,8
tm219248,7.3
tm220594,8.3
ts35362,8.2
tm239743,6.4
tm138614,6.3
tm205890,6.3
tm139841,5.3
tm233521,6.8
ts35354,6.6
tm244788,8.2
tm208622,6.1
ts38758,7.6
tm204035,6.3
ts41913,7.5
tm134516,6.1
ts42655,7.6
ts3844,7.1
ts53287,7
tm136321,6.2
tm233465,4.3
ts42156,6.8
tm136257,7.7
ts41906,8.4
ts38116,7.9
tm140843,6.5
tm238722,6.7
ts35256,8.5
ts53249,8.4
tm239683,7.3
tm147082,7.6
ts42043,8.4
tm206512,6
tm200690,4.8
tm155102,5.3
tm205812,7.2
ts35577,7
tm235405,6.5
tm245378,5.9
ts52830,7.6
tm225308,7.2
tm230551,7
ts38731,7.1
ts42127,7.1
tm138672,5.9
ts41948,8.4
ts38809,8.2
tm253083,7.3
tm316731,7.6
tm244403,6.3
ts79799,8.2
tm139194,5.5
tm245671,8.4
tm235227,
tm233317,6.1
tm239733,6.3
ts38568,7.2
ts37944,7.7
ts42137,8.1
ts35987,6
tm123789,5.6
ts53155,7.2
ts38770,7.3
ts42038,7.3
tm244381,5.5
tm233533,5.7
ts42119,7.3
ts76079,7.1
tm166321,6.1
tm214825,4.8
tm238661,5.8
tm142881,4.1
tm243121,5.8
tm270504,6.3
tm239707,5.7
tm242736,8.4
tm267948,6.7
ts41995,6.9
ts76956,7.5
ts54028,7
tm208903,7.6
tm136061,6.9
tm201222,5.8
tm215638,
tm205437,7.4
ts78325,8
tm247642,6.9
tm219276,6.7
tm135543,5.3
tm233544,7.8
ts11670,6.6
ts42090,8.4
ts86021,8.4
ts42257,8.6
ts35406,6
ts128895,8.4
tm245724,6.2
tm138792,5.4
tm244880,4.6
ts37660,9.2
ts119087,6.6
ts41258,7.5
tm308241,5.7
ts81483,7
tm221225,6.3
ts37896,6.2
ts52943,8.2
ts21979,7.7
tm205870,6.4
tm244052,7.3
ts36547,8.2
ts84398,8.2
ts77654,6.8
tm232953,5.9
tm240007,
tm233493,6
ts39014,7.2
tm140436,5.5
ts38764,6.9
ts54110,8.7
ts54156,8.2
tm213681,7
tm228242,5.5
ts38230,7.4
ts51368,6.7
tm209950,5.9
tm205935,4.1
tm244134,6.5
tm271070,5.4
tm267135,6
tm233616,6.1
tm211510,5.2
tm157283,7.4
tm219173,5.6
tm244507,7.5
tm218052,8.2
tm214085,7.4
tm229542,7.9
tm335263,
ts66540,7.3
tm253080,5.7
tm241314,6.7
ts75829,5.5
ts56674,5.7
tm282915,5.7
ts35360,4.5
tm246870,5.3
ts35359,7.2
tm266844,5.9
ts37779,7.2
tm238748,4.5
tm193125,6.1
ts42089,6.1
ts42075,6.7
ts43272,8.1
tm300713,6.6
ts41883,7.9
ts36630,6.8
ts41260,8.3
ts39017,5.8
tm229140,
ts38757,5.9
tm290444,6.6
tm200454,7.5
ts35596,5
ts144323,8.1
tm275800,6.8
ts42218,6.5
ts38512,7.6
tm233561,6.8
tm232950,5.8
tm139870,6
tm266628,
ts41294,6.8
tm267429,6.6
ts43501,7.8
ts42628,5.3
ts36740,6.1
tm233344,7.7
ts53076,6.9
ts53106,7.4
ts41253,8
tm244915,5.3
ts38717,7.7
tm239947,4.1
tm236999,6.7
ts58068,7.1
tm218186,7.9
tm242755,5.5
ts38805,7.6
tm193388,7.9
tm323616,
tm242002,5.6
ts52988,6.8
tm220317,7.4
tm201365,6.4
ts38761,7.9
tm244638,4.9
tm232954,7.2
ts56748,7.3
tm225275,5.1
tm227922,5.7
ts43230,8.1
ts56032,8.3
tm272413,6.8
ts55559,8.4
tm244513,7.4
tm234136,3.6
ts75324,8.1
tm239762,6.7
tm132524,5.6
tm245297,7.8
ts54100,6.6
tm224377,7.4
tm217939,6.2
tm193211,7.7
ts31593,6.3
tm234292,5.7
ts74917,5.7
ts35463,3.1
tm281182,7.4
tm242422,6.1
tm245148,7.7
tm272854,6.2
tm350159,6.4
tm224275,7.1
tm195764,5.6
tm211478,7.4
tm195870,5.8
tm246056,7.3
ts55966,6.5
tm240895,6
tm246579,5.9
tm243849,
tm211461,6.2
ts86831,7.7
tm239290,6.7
ts74753,8.3
tm233157,5.4
tm230524,5.4
tm238829,
ts53065,6.9
ts54010,6.3
tm242687,7.1
tm246175,6.3
ts38772,8.2
ts83224,7.6
ts53149,6.9
tm240162,7.8
ts57705,7.4
tm242646,5.9
tm225675,6.7
tm233023,7.5
tm197503,7
ts74929,5.7
tm220473,7
tm225693,7.1
ts54022,7.5
ts43258,8.8
ts55365,8.4
tm199987,
ts42011,7.2
tm241998,5.6
tm421855,7.7
tm231314,5.8
ts55223,6.2
ts41154,8
tm227029,6.9
ts41899,7.1
ts82327,6.8
tm244559,7.3
tm245102,6.2
ts35505,7.3
tm201906,6.7
tm248010,6
tm239774,5.3
tm252245,
ts56221,6.5
tm245235,7.5
ts38812,7.1
tm232832,6.6
tm227042,4.4
tm243931,7.6
tm233843,7.3
ts43341,6.3
ts82582,7.1
tm215054,6.3
tm247644,5
ts38769,6.1
ts42155,5.9
tm526163,
tm239739,7.4
ts52981,6.9
ts87465,7.2
ts52825,7.9
ts107658,7.5
ts42260,7.3
ts43119,6.4
tm311494,6.1
tm221883,5.8
tm233196,5.5
ts127430,8.8
tm376111,3.7
tm246543,6.3
tm227523,6.1
tm321189,6.5
tm219699,5.9
tm270555,7.9
tm316567,6.2
tm321785,6.6
tm283938,6.1
tm228839,5.8
tm272012,5.1
tm219817,8.1
tm230426,5.8
tm239769,6.6
tm208628,7
tm66466,7.2
tm228657,
tm245155,5.1
tm232930,1.9
tm245722,5
tm245911,6.5
tm244079,7.3
tm266629,6.5
ts52950,7.7
tm215911,2.8
tm232855,7.1
tm257629,2.7
tm234773,7.4
tm208713,7.2
tm218683,7.3
tm234466,5.4
ts78442,6.8
tm340927,6.8
tm311456,6.2
tm238717,6.3
ts42347,5.7
tm233015,5.4
tm211273,6.8
tm230927,5.3
tm273933,6
tm245293,7.8
tm270982,6.7
ts51367,7
tm274053,6.6
tm137557,5.9
tm315345,7.5
tm207668,5.4
tm193378,6.8
ts21876,6.6
tm275726,7
tm307997,5
ts55556,8.4
tm149212,7.2
tm239933,5.9
tm327551,7.7
tm233366,7.3
ts75897,6.9
tm263743,5.2
tm494288,
tm247631,6.5
tm271974,5.5
tm246485,7.5
ts42432,6.4
tm267017,4.7
tm244842,7.3
tm247444,6.6
ts91990,8.3
tm227044,3.6
ts81898,7.5
ts38813,5.1
tm138584,5.6
ts42371,6.2
tm224255,7.1
tm267419,7.4
tm155382,5.1
tm239764,6.4
tm240733,7.5
tm266622,6.6
tm244758,4.8
tm232931,6.6
ts83454,
tm217986,4.5
tm451222,4.8
tm233648,6.5
tm247767,5.9
ts53346,3.8
tm375681,5.2
tm452046,
tm238486,5.6
ts224440,
tm232267,4.4
tm203056,6.2
tm272484,7.2
ts81027,7
ts86089,5
tm198496,6.6
ts41151,7.9
tm201855,4.7
tm215265,
tm240728,6.8
tm233463,5.4
tm290157,6.8
ts83450,7
ts53017,6.8
ts54117,6.2
tm271839,6.4
tm232710,8.6
tm234703,5
tm134052,6.6
tm234069,6.4
ts53543,6.3
ts82475,6.1
tm278279,6.7
tm212968,6.1
ts41485,8.4
tm211571,4.5
tm230478,6.5
tm244923,7.3
tm350374,7.4
tm233570,4.8
tm554110,5.7
tm533845,6.1
ts84542,4.1
tm242906,5.5
ts253685,
ts36634,6.4
tm236705,5.5
tm232947,5.5
tm233121,5.5
tm245791,7.2
tm244577,6.4
tm409220,6.7
tm549892,1.5
ts285233,
tm239635,
tm319354,
ts87884,7.4
tm257141,6
tm244635,5.8
tm456667,4.4
tm198842,5.2
tm211424,6.3
tm421214,
tm286268,5.2
tm313374,
tm244380,6.9
tm540757,6.6
tm267112,5.1
tm245042,7.6
tm198786,7.2
tm226320,6.8
tm424879,6.7
ts36741,6.7
tm214589,6.5
ts35963,7.7
tm279828,6.9
tm571645,6.9
tm247159,4.8
tm295349,5.7
tm205333,6.3
tm231911,7.1
tm139590,4.3
tm283909,4.5
tm407961,5
tm207734,6.4
tm247396,6.6
tm811691,
tm242745,
tm225416,3.7
tm282988,4.8
tm246810,2.7
ts249161,7.2
tm252609,5.6
ts248736,7.4
tm528287,6.5
tm562821,5.3
tm244041,4.5
tm272666,5.8
tm219739,6.2
tm860487,
tm1063792,
ts53513,8
tm232090,5.4
tm317850,6
tm235005,5.1
tm296203,5.4
ts83535,6
tm350727,2.1
tm245050,5.1
tm212909,6.3
ts38703,6.9
ts83449,5.5
ts56544,
tm271333,6.1
tm421382,6.2
tm368725,6
tm350044,
tm234735,6
tm239078,5.3
ts53864,8.5
ts77795,8.4
ts56683,7.9
tm239091,8
ts55668,8.7
tm310953,6.9
tm232797,7.8
tm244259,7.7
tm315344,7.4
ts53023,6.7
ts81064,7.3
ts42405,8.6
tm318206,7
ts83970,7.6
tm315174,7.4
ts81294,7.1
ts78305,7.4
ts78801,8.6
ts79813,7.7
ts77398,7.3
ts56768,8.3
tm344989,7.4
ts57120,7.7
tm287684,6.3
ts81884,8.1
ts75151,7.6
ts54102,7.9
ts75097,7.7
ts84785,7.3
tm244220,7.4
ts42477,8.4
ts81208,4.5
ts58433,8.6
ts57850,8.1
ts53663,7.8
tm244364,7.3
ts79229,8.1
ts77955,8.2
ts75879,7.9
tm420745,5
ts57465,7.2
tm232500,7.3
ts54054,7.8
ts55982,8.7
tm350379,6.4
tm363103,6.6
ts58133,8.1
tm425889,7.3
tm244174,7.3
ts53545,7.9
tm350,5.2
ts84328,6.7
ts53198,8.2
ts76243,8.1
ts58367,7.2
ts55720,8
ts77852,5.8
ts78430,6.7
tm210043,7.3
ts56261,8.3
tm226948,6.2
ts82849,8.2
ts74809,6.7
ts56969,8.3
ts58155,7.7
tm288499,7.7
ts76458,7.3
tm299741,6.3
ts39015,7.8
tm244191,6.8
ts74816,8.1
ts52821,7.2
ts77563,8.2
ts80856,7.4
tm272060,6.8
tm233482,7
tm271951,6.3
tm311815,7.9
tm371380,5.5
ts76869,8.4
ts82526,8.4
tm310899,5.9
ts72247,7.2
tm266666,6.5
tm435086,6
ts82189,6.7
tm267401,8
tm239286,5.5
tm273294,6.9
ts74823,6.9
tm414285,6.8
tm244192,6.5
ts77197,7.7
tm419595,7.1
tm346943,6.8
ts76865,7.6
tm371900,6.8
ts312241,6.4
ts121489,5.5
tm270895,7.9
ts55781,7.4
ts87369,7.8
tm374132,6.6
ts78080,7.5
tm244175,7
ts58307,7.5
ts55645,8.3
tm319818,6.9
ts78558,8.5
tm313683,6.2
ts79926,8.4
ts56648,7.6
tm244332,6.4
tm315340,6.9
ts42294,7.5
ts84010,7.2
tm414887,6
ts80035,5.8
tm420348,5.9
ts57055,6.1
tm244206,6.9
tm434202,4.8
tm280828,6.4
tm366567,6.4
tm310706,5.8
tm410435,7.1
ts56480,3.9
tm307283,6.3
ts82597,8.4
ts55962,6.1
tm244229,6.9
ts75164,5.7
ts78452,6.4
ts75263,7
ts85568,7.1
tm357589,7.3
tm317542,6.2
ts80705,7.5
tm321703,5.8
tm300615,7.4
tm244233,6.5
ts81344,8
tm349803,7.7
ts82228,7.5
ts81331,7.8
ts55798,8.5
ts78356,7.3
ts86169,7.3
tm227940,6.2
tm243326,6.1
ts84280,8.1
tm244197,5.5
tm368449,7.2
tm211554,5.3
tm363248,6.7
tm362881,7
tm232673,5.2
ts77957,8.1
ts84904,6.8
ts83999,8.5
ts57303,6.9
tm411311,5.5
tm299677,5.6
ts58025,6.4
ts82302,6.5
tm449070,7.1
ts85895,7.3
ts56511,7.6
ts57822,6.8
tm363488,7.6
tm221953,8.2
tm435916,6.1
tm233362,6.2
ts79546,7.8
tm362098,6.7
tm346467,6.4
tm433381,7.4
tm412550,6.5
tm315424,5.8
ts84533,6.5
tm499724,6.2
ts83455,7
ts75772,7.6
tm414220,5.7
ts77518,7.7
ts79234,6.4
tm139545,6.2
ts77824,7.9
tm314477,6.1
tm420274,8.1
tm434008,6.2
ts80720,8.5
ts57439,7.6
tm317566,6.4
tm417496,6.5
tm367065,7.4
tm426274,5.7
tm433228,6.4
tm244325,5.4
ts75157,6.2
tm316414,5.5
tm311921,6.6
tm370212,6.6
ts58152,7.4
ts84779,4.6
tm410742,7.5
tm281935,5.6
tm323634,5.3
tm139885,6.7
ts56038,8.7
tm349278,5.8
ts84574,7.7
ts56481,7
ts82560,7.5
tm348993,6.8
ts55231,8.4
tm285107,6.8
ts88783,5.1
tm414962,5.9
ts57814,7.2
ts113109,8.6
ts85138,8
ts57424,7.2
tm240076,6.2
ts82281,6
tm217228,4.5
ts77474,8.7
tm244307,6.3
tm298846,6.5
tm412623,5.9
tm298339,7
ts57964,5.5
tm245176,6.3
ts78298,9.2
ts83251,7.1
ts55194,3.5
ts84335,6.8
tm351101,6.4
tm299504,6.2
tm321224,5.4
tm359978,7.4
tm306301,5.5
ts57947,7
ts53936,8.4
ts83763,7.4
tm298084,7.5
tm244148,6.5
tm436470,5
ts82892,7.4
tm219259,5.8
ts79422,7.4
ts80523,8
ts83561,5.4
tm375912,7.9
tm356742,6.2
tm244317,6.8
ts78382,7.9
ts86296,8.1
ts41527,6.8
tm292837,6.3
tm414709,4.3
ts78507,7.4
tm321295,4.2
tm233294,6
tm328443,5.9
tm324155,5.7
tm289181,6.3
ts89538,7.2
tm370436,5.9
tm351216,7.4
tm318200,7.5
ts57464,6.4
ts228255,4.8
ts58175,6.8
ts77525,8
ts58225,6.6
ts84243,6.8
ts78231,7.8
ts56594,6.8
tm370232,6.9
ts57080,6.6
tm439484,5.2
tm271960,6.6
tm349800,5.5
tm352588,5.8
tm219258,6.6
ts57082,7.4
ts53101,7.5
ts81885,6.9
tm411415,7.9
tm406881,7.6
ts77783,7.1
ts79020,8
tm307910,7.4
ts77799,7.2
tm368241,5.3
ts75749,8.2
tm321596,6.1
ts86945,6.1
ts84056,7.4
ts89069,7.7
ts76417,8
ts86814,6.8
ts85968,7.7
ts85837,8.6
ts76313,7.5
ts75355,7.9
tm308090,6.5
tm271959,6.2
tm411507,7.9
tm245937,6.2
ts83745,8.6
tm423373,8.2
ts76486,8.2
ts82372,6.7
ts79045,7.8
ts81757,7.6
tm409766,5.7
tm322243,6.3
ts55491,6.2
ts77600,7.1
tm406111,5.8
tm300054,5.9
tm357479,3.4
tm232965,6.3
ts80411,7.7
tm431347,7.5
tm285356,7.2
tm368040,4.8
ts78217,6.6
ts78299,6.5
ts75002,6.8
tm285340,5.2
tm1883,5.8
ts76753,8
tm324870,5.2
tm284015,7.4
tm326624,7.6
tm300184,6
tm411958,5.2
tm270999,6.2
ts77755,6.1
tm307612,6.4
tm320255,7.6
ts56201,3.4
ts88234,8
tm425138,5
tm241990,6.6
ts53960,6.4
tm353742,5.4
ts81414,7.9
ts77014,8.1
ts56993,6.8
tm429163,6.7
ts81542,7.1
ts83232,7
tm311789,6.1
ts82268,8
ts87043,6
tm359103,6.2
ts86164,6.1
ts9075,7
tm315584,6
ts83790,7.6
ts57811,6.6
tm407827,7.1
tm348003,5.7
ts85686,7.5
ts83360,8.1
tm266652,6.4
ts95569,5.8
tm285295,6.9
tm317110,5.9
tm324124,7.7
ts78590,8
ts77520,5.2
tm244519,5.6
tm260272,5.7
tm347530,7
ts85170,7.8
ts90594,6.7
tm312577,5.2
ts83502,6.4
tm344886,6.6
ts85034,8.2
tm365122,6.3
ts83537,6.4
tm320670,6.9
ts79157,7.1
ts81918,7
tm367250,6.9
ts56718,7.8
ts80959,8.6
ts53693,7.2
ts75477,7.5
ts131579,6.8
tm425732,6.2
ts85175,7.6
ts83071,5.1
ts77545,7.3
ts83540,6.8
ts236347,7.6
tm416105,7.1
ts78206,8.3
ts84135,6.9
ts79026,6.2
tm285171,5.1
ts56045,7.8
tm311995,7.1
ts87194,7.3
ts68146,7.8
ts76603,7.8
ts84930,7.2
ts78246,6.2
tm298779,6.8
ts81526,8.3
ts81583,7.6
tm319882,6
tm420656,4.2
tm420334,6.1
tm368538,4.8
ts55581,7.1
tm357820,3.2
tm244521,5.9
ts56933,6.4
ts84645,8.2
tm419733,4.4
tm315850,6.1
tm324820,6.7
ts74962,7.1
tm296398,7.1
ts79997,8.2
tm438502,7.4
ts75676,7.3
tm365824,5.2
tm436844,7
tm359150,6.8
ts58297,6.6
ts55939,2.3
ts86994,3.8
tm351931,6.2
tm285649,6.4
ts53264,7.3
ts309731,5.3
tm306811,6.1
ts85822,7.4
ts80617,6.5
tm372318,6.3
tm351214,7.4
tm347821,6.7
ts81821,7.7
ts82705,7.5
tm429208,6.6
tm327199,4.9
tm352774,6.2
ts321277,8.5
ts84646,6.7
tm313974,7.4
ts56033,7.7
ts85515,6.7
ts70631,7.1
tm305437,7.5
tm369179,6.4
ts78291,7.5
ts57985,7
tm307515,5.1
tm412273,6.6
tm219252,6.7
ts80600,8
ts55232,5.7
ts79182,7.9
tm290831,5.3
ts85967,7.7
tm434917,7
tm445735,8.5
ts78031,7
ts56670,6.6
ts86682,6.8
ts75286,6.6
ts82218,8
tm245383,7.4
tm349529,8.3
tm374454,7.3
tm407714,6.3
tm374313,5.9
ts55978,8.1
ts82770,
ts75341,7.2
ts83906,8.4
tm244368,4.7
tm266702,6.9
ts82565,6.6
tm323195,6.9
ts78789,4.9
ts92825,6.2
tm322569,8.2
ts56125,7.2
ts89130,7.7
ts79660,6.5
tm406831,6.6
ts39016,7
ts80519,5.2
tm408941,6.9
ts75981,7.3
tm305112,6.8
ts81318,7.1
tm363231,5.8
ts79219,7.9
tm427465,7.6
tm445899,7.9
tm139564,5.4
tm263427,6.4
tm313487,8
ts79409,6.3
ts53399,8.4
tm443993,8
ts90596,5.9
tm437608,7.5
ts77787,6.9
tm336712,3.1
tm307950,7.4
tm236659,7.3
tm327540,5.6
ts82127,6.7
ts78353,8.1
ts103638,5.7
ts77034,8
ts86949,5.5
tm293867,7.8
tm266685,5.2
tm839847,
tm370392,5.2
tm285298,5.4
ts76511,7
tm404475,7.6
ts55348,7.7
ts80208,5.6
tm448122,8.3
tm299761,6.8
tm440415,7.4
tm362074,6.9
tm358666,6.6
ts82559,6.6
tm233485,5.6
ts80466,7.8
tm266705,6.7
ts80090,7.1
ts80313,8.1
ts90994,6.4
tm427293,5
tm327053,6
tm405849,6.6
tm326723,5.9
ts84346,7
tm238377,5.5
tm366820,6
ts84833,6.8
tm313988,7.2
ts84932,5.4
tm312767,5.5
tm320817,8.1
ts81734,5.2
tm370628,5.8
tm405738,5.6
tm371952,7
ts77405,6
ts79679,7.2
tm417440,7.5
tm327622,4.5
tm430104,5.5
tm443186,6.2
ts78053,6.8
ts80057,5.8
ts111582,6.2
tm313293,5.5
tm349138,7
tm376801,6.3
tm424032,7.1
tm358242,6.3
ts80413,7.6
tm409618,6.3
tm244274,5.6
ts85659,7.7
tm376840,
tm372891,6.6
ts82298,7.6
ts54050,7.3
tm443034,6.1
tm318641,4
ts57196,7.6
tm314829,5.6
tm366973,7.5
tm295177,5.5
tm420797,5.8
ts77770,5.4
tm406098,5.9
tm374845,7.1
tm359714,5.7
tm314705,7.1
tm325102,
ts78913,8.3
ts55936,7.2
tm413557,7
ts81944,5.9
tm363787,5.9
tm371630,6.2
ts84597,7.6
tm355724,5.7
ts76478,8.5
ts78767,7.3
tm356563,5.3
tm420989,5.2
ts85732,7.6
tm348010,4.4
tm357552,5.4
tm300027,6
ts82875,7.1
tm414676,6.9
tm437631,7.1
tm408890,5.5
tm426569,7.5
tm404690,5.7
tm320249,6.1
ts80059,7.2
ts83814,7.2
tm286532,6.5
ts36650,7
ts57300,7
ts56636,6.9
ts84780,8.2
tm375729,7.4
ts75012,7.6
ts82296,7.4
ts57148,6.1
tm311319,5.2
ts83359,7.8
tm270490,6.7
tm358949,6
tm408104,7.1
ts79330,7.3
tm428073,5.5
ts85202,8.1
tm429377,7.3
ts81036,6.8
tm330869,3.9
tm350607,5.4
tm417317,7.7
ts83457,8
tm407295,5.9
ts82181,6.6
tm282910,5.6
ts53516,4.8
tm429984,6.8
ts112279,5.8
tm419496,6.4
tm344173,5.2
ts82375,
ts95274,7.3
tm362180,
tm294581,5.1
tm313120,8.1
ts118696,6
ts82398,7.4
tm477838,5.3
ts116101,8.9
ts82867,6.7
ts83554,5.4
ts58442,8
tm374216,6.3
tm232464,6.7
tm367473,7.3
tm361743,
tm413049,6.5
ts80030,7.1
tm311193,6.3
tm307761,7.2
ts84977,5.1
tm371959,5.9
tm320206,5.2
ts82424,6.2
tm408306,5
tm422715,7.6
tm301024,5.7
ts83247,7.4
ts80410,7.6
ts79856,5.8
ts76509,7.4
ts90880,6.1
tm418870,6.4
tm340366,
tm370447,6.4
tm425884,7.4
tm429382,6.4
tm322210,5.7
tm313748,5.2
ts80084,6.9
ts86279,7.7
tm244300,6.7
ts77467,7.8
tm366143,7.3
tm432838,5.8
tm463806,6.3
tm313712,7.2
ts80042,3.8
tm244287,4.6
ts75718,5.9
ts75620,8
tm299764,6.5
tm407775,6.8
tm334949,5.4
tm409942,7
tm238587,6.8
tm410748,6.6
tm413955,7.2
tm376015,5.9
tm346334,6.3
tm434727,6.5
tm409817,7.7
tm307776,7.9
tm372917,6.4
tm426202,7.2
tm367008,6.2
tm270987,5.5
tm328175,5.4
tm359713,5.7
tm366019,5.8
tm353046,7.2
ts76159,6.3
tm321627,6.9
tm311283,3
tm368441,7
tm244292,4
ts76793,8
ts85236,
tm368310,7.5
tm411358,6.8
tm300056,5.3
tm344336,6.2
tm372054,5.8
tm405901,4.2
ts55627,8.5
tm350887,
ts89067,7.3
ts78145,6.8
ts83407,4.9
ts85953,7.5
ts84799,7
ts83213,8.4
tm415875,5.8
tm375302,7.5
ts57291,6.7
tm372305,6.4
tm515157,5.7
tm376234,5.9
tm441198,6
tm366590,7.7
tm418039,5.6
tm371212,4.6
tm366972,6.2
tm411288,5.8
tm244321,6.2
tm358746,5.2
tm340587,7.2
tm359975,6.6
tm852185,
tm444469,4.6
ts85810,7.5
ts85276,7.6
tm374357,4.8
tm321073,3.6
tm352033,7
ts85126,6.2
ts85217,7.9
tm421776,7
tm314295,6.5
ts89372,6.6
ts83489,6.7
tm327708,7.5
ts79988,7
ts78692,5.4
tm233484,5.7
tm440678,5.7
ts84782,6.6
tm242108,5.9
ts82419,7.8
ts95011,7.5
tm348568,7
tm320727,7.4
ts80342,6.6
tm365961,6.2
tm299783,6
tm427143,4.5
ts80479,7
tm375962,2.3
ts74765,8.6
ts90869,6.2
tm299381,6.2
tm320489,5.9
ts58480,
tm138667,7.5
tm280060,5.4
tm363922,6.4
tm349273,6.1
ts94470,
ts92726,7.7
tm347850,3.2
ts224746,
tm410298,6.7
tm368729,5.6
tm441060,7.1
tm434676,7.3
tm346939,6.5
tm244196,5.7
tm438995,5.3
ts83070,6.6
ts85618,5.7
tm354644,4.4
tm440996,7.3
tm242765,5.5
tm348073,4.4
tm307751,5
tm273600,7.7
ts81596,5.4
tm464542,7.6
tm445456,6.7
tm481188,6.6
tm309903,5.4
tm424888,7.9
tm317491,6.3
tm355666,6.8
ts74959,4
tm331117,6.5
tm409494,7.3
tm348392,6.6
tm375007,6.9
tm411467,6.2
tm416620,6.9
ts81485,6
ts82445,8.5
tm357272,7.5
ts78099,6.5
tm446987,6.5
tm307551,7
tm349752,
ts85183,5.6
ts84484,6.9
tm359658,5.1
tm311898,5.8
tm421748,7.9
tm429174,6.3
ts83045,7.6
tm361770,6.6
tm375547,5.5
ts78707,7.1
ts76245,6.8
tm279585,6
tm307774,6.4
tm411503,5.8
tm363329,4.3
tm326704,7.6
tm359030,4.9
tm327652,6.2
tm321628,5.5
tm348175,6.4
tm416458,6.2
tm352865,4.5
ts79086,7.6
tm437159,6.9
tm446206,
tm324278,7.1
tm348845,7.2
tm353627,6.4
ts84200,6.4
ts82500,7.6
tm439854,6.5
tm299396,5.6
tm300447,7.2
ts82192,6.6
tm306631,7.2
tm440255,5.9
tm414595,
tm353247,7.1
tm426983,6.6
ts82323,7.2
tm355941,5.7
tm411313,6.2
tm372610,6.5
ts55533,7.3
ts76949,
tm307843,8
tm365670,6.1
ts82843,7.7
tm376903,5.8
tm358609,5.9
ts75887,7.4
tm376421,7.1
tm233360,6.8
tm319310,6.4
tm283559,7.1
tm447328,6.5
tm233345,5.4
tm283322,6
tm358813,6.2
ts90941,6.2
tm429186,6.2
tm371619,4.2
tm287041,5.4
tm424162,6
tm538868,6.6
tm423761,7.2
tm324041,
tm409456,7.3
tm372662,5.8
tm428597,5.5
tm476960,8.1
tm372486,6.5
tm370440,3.9
tm324204,4.7
tm348467,6
tm324806,6.7
tm373873,7.3
tm414447,7.3
tm324588,6.7
tm413418,8.2
tm348919,6.1
tm445255,8.1
tm367264,6.3
tm423950,2.3
tm351720,5.3
tm324042,
tm350116,2.2
tm835357,
tm447750,
tm314939,6.5
tm418894,6.9
tm279017,6.7
tm558730,5.9
tm344995,6.5
tm426117,7.3
ts84644,6
ts83925,6.3
tm372969,7.2
ts83820,7.1
tm300440,4.6
ts55484,7
ts81856,6.2
ts76771,6.2
tm299730,6.1
ts84179,3.9
ts79585,7.5
tm351201,7.7
tm408871,5.4
ts222363,
ts75750,6.9
ts76540,7.3
tm362264,8.1
tm412489,6.5
tm361588,5.1
tm307767,5
tm314272,5.8
tm364206,7.1
tm413082,6.7
ts84555,6.7
tm446424,5.2
tm327219,
tm424898,5.7
tm316658,3.6
ts86067,6.1
tm349656,6.3
tm372061,8.2
tm416121,4.6
tm350971,6.3
tm445153,7.6
tm995893,7.5
ts82085,6.8
tm438994,5.7
tm428453,6.2
tm360618,
ts229123,3.5
ts83204,6.5
tm363003,7.2
ts83429,6.7
ts83663,6.1
ts75491,6.6
ts82564,6.8
tm295558,7.6
tm440946,5.1
ts83430,7.4
tm463827,3.7
tm414746,7.2
tm432327,9
tm356684,
tm275437,4.8
ts80859,7.5
tm492277,7.3
tm431928,5.7
tm407318,6.9
tm408892,5.1
ts75357,6.9
tm320785,6.5
tm1068348,3.5
tm430426,4.5
tm362121,5.9
tm320144,5.7
ts84330,
ts79707,4.9
tm318492,5.8
tm434883,5.4
ts93947,7.7
tm374226,7.2
tm337040,6.7
tm446574,5.9
ts82631,7.9
tm323907,
tm316923,7.6
tm348386,7.1
ts81827,
tm315865,7
tm285329,4.7
tm363181,3.9
tm325433,5
tm326773,6.9
ts83025,7.8
tm407730,3.9
tm370430,6
ts84167,8.6
tm309115,6.2
tm436266,6.1
tm428483,6.3
tm416341,7.7
tm411257,6.1
tm451171,4.7
tm435487,5.5
tm327951,5.2
tm417111,6.1
ts81886,4.8
tm425748,6.1
tm430057,4.8
tm353875,6.2
tm313472,6.5
tm430496,6.6
ts77219,6.7
tm444043,5
tm374656,
ts82550,6.5
tm317274,7.2
ts80445,6.8
tm366025,7.9
tm321149,7.5
tm299771,6.9
tm369433,7.8
tm313424,7.9
tm352705,6.9
tm328052,6.4
ts75320,7.9
tm351171,6.1
tm326270,6.6
tm851055,
tm429567,
tm336227,5.8
ts57913,7.4
tm285712,6.7
tm415245,6.6
tm322200,5.4
tm407349,6.6
tm430090,5.9
tm360945,7.4
tm299790,6.4
ts82887,6.8
tm361505,3.9
tm345767,4.7
tm294696,6.2
tm363088,7.4
tm319512,5.6
tm432313,8
tm413129,6.7
tm316744,5.5
tm412515,5.6
tm443283,7.1
tm420311,6.4
tm449860,6.1
ts77011,6.7
tm314677,4.6
tm434179,6.4
tm415938,6.2
tm351688,6.6
tm444257,
tm444907,
tm275004,6.6
tm421335,7.3
tm819641,4.1
tm326089,5.6
tm431760,6.8
tm461349,7.3
tm435144,
tm444564,4.9
tm409376,5.4
tm436171,5.2
tm430748,6.9
tm443073,
ts81632,2.3
ts83710,6.7
tm356666,7.8
ts265844,9.6
ts78757,
tm422359,4.3
tm431275,6.8
tm352951,6.6
tm362047,6.8
tm323300,7.2
tm357708,6.1
tm444821,4.5
tm351505,6
tm408257,6.9
ts272185,8.4
ts53166,8.2
tm435333,6.8
tm411856,6.5
tm358188,4.9
tm684591,5.8
ts57281,7.5
tm345225,6.5
tm443537,8.5
tm311902,7
tm364417,
tm368350,6.8
tm434126,6.5
tm361312,5.7
ts317239,
ts87591,5.6
tm431081,5.7
tm420800,5.4
ts80692,6.6
ts113031,3.4
ts75138,7.3
tm373134,5.4
tm348191,7.6
tm375091,6.5
ts55576,7.8
tm307383,7.1
tm469399,6.2
tm347060,5.5
ts76646,7
ts81857,6.4
tm430660,6.3
tm430059,6.7
ts101883,8.6
tm324753,4.4
tm314138,4.4
tm327619,4.3
tm244473,6.6
ts84985,6.6
tm371622,5.7
tm464947,4.7
tm442354,5.9
tm439678,4.7
tm446558,6.2
tm366383,4.7
tm414340,5.6
tm197806,6.8
tm361161,4.9
ts86302,7.8
tm431169,7.2
tm344562,6.6
tm363878,5.2
ts84038,7
tm426238,6.7
ts74805,6.3
tm518107,5.7
ts255677,
tm404449,7.4
tm323602,5.8
tm438250,6.2
tm351181,5.7
ts82591,
tm374395,6
tm360763,5.9
tm423802,7.5
tm442805,5.8
tm345960,6.3
tm319127,6.9
tm430666,5.6
tm431214,6
tm369315,3.4
tm408781,7.3
tm361633,4.1
tm327636,6.1
ts119220,7.2
tm349418,5.5
ts85250,7.7
tm153164,6.6
tm428982,
ts56251,6.2
tm447263,
tm346398,7.3
ts106612,
tm305227,5.4
tm446104,3.6
tm459024,6.3
tm373864,6.1
tm306680,5.2
tm286520,7.1
tm447261,6.7
tm307698,6.2
tm244277,7.4
tm376844,3.7
tm814861,5.6
tm352642,
tm346390,5.7
tm313118,5.6
tm423315,6.5
tm417488,6.1
tm1073482,
tm353791,7.7
tm444576,3.6
tm434776,7.3
tm445258,6.2
ts55735,
ts82160,6.8
tm364769,7.5
tm1118527,
tm411508,5.9
tm319477,5.8
tm433215,6.4
tm456983,5.6
tm320756,6.1
tm466084,6.8
tm430459,3.4
tm413266,3.8
tm404569,6.8
tm325610,6.5
tm321563,
tm1063790,4
tm358239,6.1
tm354136,6.6
ts54112,7.8
tm411649,5.7
tm350945,7.4
tm244310,8.6
tm370781,5.1
tm376709,4.8
tm368284,4
tm328041,6.2
tm375836,5.5
tm404610,
tm358370,7.3
tm367105,4.9
tm289882,6.6
tm370472,5.9
tm369453,6.7
tm426367,6.6
tm438005,6
tm416134,6.3
tm448690,
ts97584,6.2
tm369210,6.3
tm371741,4.6
tm478147,6.4
tm840936,6.8
tm349134,5
tm459527,4.4
tm440324,4.8
tm450512,6.3
tm403197,7.6
tm429383,
tm458074,5.2
tm440208,7.6
tm336084,6.3
tm450769,7.2
tm362737,
tm480647,7.4
tm479734,5.1
tm478654,7.8
tm369079,5.1
tm420789,5.7
tm368448,5.9
tm349140,
tm411528,5.5
tm348281,7
tm423593,7.2
tm438105,4.2
tm471288,6.6
ts80751,5.1
tm346867,6.2
tm312738,6.5
tm404828,5.3
ts57116,6.5
tm242887,4.2
tm494577,
tm444799,5.3
tm479933,6.3
ts80993,6.3
tm371188,6.9
tm367613,5.1
tm369452,6.4
ts81828,
tm430281,7.9
tm445852,6.8
tm512751,6.1
tm447915,
tm368697,6.8
tm452767,4.6
ts236619,
ts85660,5.9
ts119730,8
ts268283,
ts104093,
ts86360,
tm368006,4.6
ts58061,5.9
tm834886,5.8
tm309251,6.4
ts80671,7.5
tm320949,5.5
tm438423,6.7
tm325650,6.4
tm428877,4.9
tm478967,6.9
tm364525,
tm1073433,
tm369456,4.3
tm447514,7
tm476959,7.1
ts84372,6.9
tm422510,
tm362878,7
tm449262,5.4
tm407881,5.8
tm1073233,
tm426994,7
tm421161,6.4
tm246330,6.3
tm858471,5.6
tm465864,4
tm493814,4.4
tm491499,5.9
tm481189,7.2
tm433087,5.1
ts84341,7.3
tm332572,6.3
tm421125,5.4
ts250172,7.4
ts231159,4.2
tm332500,5.7
tm436704,5.4
tm441915,5.3
tm460198,4.5
tm327926,6.2
tm458186,7.4
tm478701,6.7
ts78444,4.8
tm426260,6.9
tm1146751,7
tm463592,
ts86497,7.8
tm441050,7.8
ts216679,7.3
ts87466,8.7
ts82915,8.3
ts81007,8.5
ts88361,8.4
ts76645,8
ts57327,8.2
tm681578,5.7
tm366227,7.4
ts87453,6.7
ts88613,8.6
tm832345,3.3
ts89259,8.6
ts89339,6.5
ts82914,8
ts90234,7.9
ts81120,9.1
ts224901,7.3
ts84146,6.9
ts221904,8.4
ts82361,6.8
ts254656,7.5
ts89840,7.4
ts235655,7.5
ts87953,7.4
tm414584,6.1
ts223986,7.3
tm427335,6.7
tm417392,7.3
ts252505,7.1
tm369594,6.6
ts87248,7.7
ts103702,6.8
tm368699,7.1
ts80962,7.3
tm863808,8.1
tm244149,7.8
tm827638,6.2
tm849022,6.7
ts225651,7.5
ts221016,
tm431321,6.6
ts304505,6.1
tm403709,7.9
tm840196,7.7
ts287836,7.1
ts284800,7.6
ts235758,7.8
ts224303,7.2
tm827648,7.3
tm849004,6.5
ts242210,7.1
ts252758,5.3
tm453862,7.1
ts237107,7.3
tm448792,6.2
ts219660,7.6
ts95997,7.1
tm943790,7
ts55762,8.3
tm847085,7.6
ts89564,6.5
tm502532,7.4
ts84633,8.4
ts88379,6.8
tm821789,6.8
tm417553,6.1
tm834851,6.3
tm845489,6.5
ts57213,8.4
ts82913,8.9
ts241248,4.9
ts80709,5.2
ts222439,
ts83082,7.2
tm824398,7
ts218569,7.6
ts113842,7.8
ts223210,8
tm818266,7.1
tm460948,6.8
tm911973,6.6
tm362198,6.2
ts105825,7.1
tm244207,6.4
tm372066,6
tm832916,5.6
tm239927,7.3
ts90448,
ts246072,7.2
tm428856,6.7
ts219101,7.4
ts221200,7.3
ts83555,6.2
tm849003,6.6
ts88577,7.5
ts223548,
tm916405,6.8
ts84661,5.8
tm496322,6.7
ts105047,7.2
ts241486,6.9
ts107724,7
tm499045,5.6
ts87364,7.8
tm444017,6.7
ts103133,7.5
ts227305,7.5
tm820190,6.3
ts225522,8
tm943774,5.4
tm470240,6.9
tm426428,5.2
tm458585,7.2
ts89210,6.8
ts104401,7.5
ts83657,6.7
tm319470,7.2
tm927718,6.3
tm919961,7
ts222988,8.6
tm1121246,6.1
tm925486,2.9
tm456436,6.5
ts90729,6.6
tm432765,5.5
ts224859,7.7
tm417416,7.2
ts223530,
ts103329,6.2
tm441231,6
tm927037,5.4
tm443615,6
ts84663,7.5
ts86165,7
ts215683,8.8
tm836438,
tm447788,7.2
tm447963,6.4
tm843444,6.5
ts85398,9.3
ts218802,6.4
ts129445,7.9
ts236685,
ts84993,6.7
tm420826,6.9
tm919864,7.1
tm927480,8.2
tm455636,6.9
ts237499,
tm983787,5.4
ts249891,7.4
ts286390,7.6
tm877681,
ts236531,4.6
tm850404,5.5
tm821143,6.9
ts82912,7.2
tm449105,6.3
ts89014,7.2
tm460124,6.1
tm678022,5.9
ts250801,6.5
ts281928,7.3
tm433462,5.2
ts225867,
tm441232,6.2
tm464662,7.1
tm417055,6.2
tm456156,5.8
ts83491,6.3
tm886464,5.7
tm853783,9
tm935309,4.7
tm428557,6.3
ts223404,8.6
ts93054,7
tm824477,6.3
tm435520,7.6
ts82851,7.6
ts216522,7.7
ts221749,8.1
ts88469,7.8
tm285317,4.7
tm443179,6.5
tm332071,5.7
ts90019,7.1
ts223981,8.1
tm857430,6.4
tm824331,5.3
ts88283,6.4
ts105441,8.7
tm878333,6.4
ts220751,6.7
tm414341,6.6
ts88485,8.1
tm845496,7.7
tm446176,7.4
ts90937,7.5
tm423666,5.9
ts219080,8.2
ts250997,8
tm458553,5.4
tm548602,6.1
tm423140,6.5
ts237560,7.1
tm361998,6.9
tm418847,5.3
ts226468,6
ts86908,6.1
ts222835,6.5
ts237111,6.8
ts110703,6.4
tm348403,6.8
ts255427,
ts255926,7.5
ts161737,6.6
tm469193,6.7
tm450262,7.7
ts223344,7
tm449195,7.6
tm307133,5.6
tm498803,6.2
tm411750,3.7
ts93611,6.1
ts255104,6.4
ts100116,7.1
tm458467,4.7
ts100359,5.9
tm446609,7.1
tm817709,7.4
ts243036,6.9
ts106536,6.6
tm853953,
tm315255,7
tm361746,6.6
tm813695,5
ts222455,7.6
ts225101,8.1
tm498034,6.7
tm413660,5.4
ts89282,6.5
tm358770,5.3
tm845484,7.4
tm934040,7.2
tm443154,5.9
ts236747,8.6
tm863280,
ts116814,7.5
ts251654,
tm355783,5.8
tm469991,7.5
ts268608,7.1
ts268799,
ts215691,7.6
tm375883,8.1
ts306090,7.9
tm471878,6.6
tm459742,6.3
ts88699,7.1
tm918706,5.6
ts251782,7.4
tm464351,4.3
ts215012,8.3
tm453099,7.6
tm893799,6.3
tm426638,5.7
tm925584,5.7
ts225787,7.2
ts192440,7.4
ts88296,5.7
tm845549,7.5
tm460829,6.5
ts223126,7.4
tm845512,
tm325325,7.8
ts88262,6.6
ts236501,6.5
ts86726,6.6
tm918734,6.3
tm926004,
ts256309,8
ts89251,7.4
tm437221,5.9
tm840438,7.7
ts105645,5.3
tm817504,5.8
tm827216,8.1
ts225718,6.6
tm369389,8
tm858954,4.9
ts252856,7.8
tm828069,6.8
tm852097,6.7
tm471967,6.1
tm974366,4.7
ts215178,7.5
tm828317,7.6
tm432022,8.3
ts93066,4.6
ts223759,7.4
ts104840,7.5
tm455568,7.1
ts219162,7.9
tm952590,4.3
tm931686,5.7
ts254592,7.4
ts81646,6.4
ts219561,8
ts272134,
ts91039,8.2
tm812916,6.9
ts92547,7.9
ts113506,7.3
tm898474,5.3
tm935895,6.8
ts87471,7.3
ts89744,7.9
tm447159,6.4
tm852996,6.4
ts225912,6.8
ts215341,
tm676311,5.5
tm847430,
tm893480,6
ts250912,7.1
ts190462,7.3
ts187541,8.2
ts105542,7.5
ts89075,7.7
tm420455,5.2
ts237109,6.9
ts86978,6.5
tm924991,4.4
ts215046,6.6
tm846964,5.8
tm436778,7.3
ts189422,7.7
ts88151,7.5
ts223589,6.9
tm847998,5.2
ts275111,6.4
tm814671,4.4
ts237513,6.1
tm844250,7.5
tm819950,
tm885775,7
tm936236,5.1
tm890660,5.7
ts88721,7.6
ts103209,6.3
ts223240,8.2
tm465724,5.2
ts87008,7.1
ts89119,6.6
ts242820,5.3
tm370530,7
tm845415,7.4
tm827142,8.4
ts227385,
tm922788,5.8
tm459512,6
tm822246,7.2
ts251028,6.3
tm315348,5.6
tm849005,6.3
ts106015,8
tm839411,1.7
ts89832,7.1
tm446625,7.4
tm827501,5.2
ts225544,8.1
tm935878,
ts237751,8.5
tm428558,6.2
ts277126,6.7
ts84586,7.6
tm822907,6.8
ts267956,
ts87986,7.6
ts106126,7.6
tm850723,6.5
tm854669,7.4
tm914535,6.2
tm845535,6.7
ts251094,6.2
tm948128,7.1
ts89747,6.8
tm853396,
tm316311,5.9
ts221293,
tm496648,6.5
ts288350,8.4
tm902330,5.5
tm451548,6.5
ts188991,6.3
tm810547,6.7
tm464557,5.8
tm469008,3
tm897732,5.8
ts268560,8
tm928541,5.4
ts225460,
tm444247,7.6
ts224072,7.3
ts83107,6.1
tm467579,
ts216493,7.7
tm500565,4.4
tm452826,6
tm475836,
ts251067,7.3
tm977464,6.9
ts108392,5.9
tm451512,5.7
tm927286,6.8
ts222606,7.7
tm938793,6.6
ts219895,5.9
ts101874,7.3
ts86744,8
ts84129,6
tm941382,7.7
ts270465,7.8
ts89326,6.6
tm933375,3.3
ts218888,7.2
ts76382,7.9
tm833638,6.3
ts104449,7.6
ts237096,7.1
ts251617,7.5
tm475783,7.3
tm451078,5.7
ts91124,6.8
tm855600,4.7
tm827508,6.8
ts88312,7.1
ts256007,7.4
ts89958,8.3
tm120072,5.8
tm856375,6
tm462903,
ts101408,6.8
ts219049,
tm845437,8.2
tm814150,5.8
tm461366,6.2
tm981451,6.8
tm855827,6.1
tm511940,5.4
ts85480,7.8
ts315066,5.6
ts221365,
tm890674,6.8
tm834291,5.3
tm524282,7.4
ts216474,7.2
ts225860,
tm881162,7.6
ts189405,7.6
ts93482,7.3
ts236033,
ts242244,6.4
tm471922,5.6
tm877456,7.4
tm818502,7.2
ts236725,8.7
ts113637,7.1
ts222367,6.2
tm884511,6.1
ts252122,5.7
tm887450,7
tm430171,7.1
tm936396,6.1
tm425698,5.8
tm371882,
tm858001,
tm424074,6.9
ts222917,6.4
tm885860,
tm469400,7.7
ts86927,7.7
tm467299,7.2
ts321758,8.2
ts252098,
tm843768,7.4
tm458721,5.4
tm918701,
tm571805,6.1
tm501222,5.3
tm848995,6.5
ts224164,
ts215378,7.5
ts237208,7.4
ts251157,
ts268890,7.7
ts223192,8.8
ts218803,
tm463385,6.5
tm826563,5.3
tm826473,
ts226602,7
tm823355,5.6
ts255880,5.5
tm942240,6.8
tm483997,5.7
ts221174,6.3
ts103360,6.8
ts220552,5.9
tm920096,5.5
tm864480,6.1
ts111206,5.7
ts296153,6.8
tm898262,6.4
ts254982,
tm824165,5.6
tm465231,7.6
ts215718,
tm883189,5.3
ts225328,
tm458127,7.7
tm475339,6.3
ts268551,
tm881859,7.8
tm503508,5.9
tm827304,5.6
ts254600,7.4
tm461829,4.8
tm434553,4.8
ts225716,7.4
tm848996,6.6
ts225162,
tm448767,7.1
ts256783,7.1
ts89048,7.5
tm912373,7.2
ts225669,
tm670553,7.3
ts268508,6.5
tm847629,7.3
ts103890,8.1
ts221366,
ts236388,7.4
tm893816,5.2
ts86413,7.4
tm823488,6.9
ts218564,6.7
ts89291,6.7
tm467804,
ts254293,7.1
tm922532,5.4
ts237104,6.8
tm844642,7.2
ts114080,6.3
tm878842,6.6
tm855483,6.8
tm447520,7.1
ts89876,6.6
tm679284,5.5
tm454824,7.1
ts252341,7.8
tm453850,6.3
ts237488,
tm447439,7.8
ts222933,7.4
ts312044,
ts220248,
tm467467,7.4
ts269690,7.3
tm834664,6.1
ts221363,7.7
ts268592,5.7
tm497383,6.2
tm978401,
ts256764,8.3
ts88471,7.8
tm449594,6.7
ts251560,7.4
tm452851,5.7
tm457856,7.2
tm554944,5.5
tm931158,7.8
ts237239,
tm834230,
tm470836,7.8
tm472411,6.6
ts225377,7.4
tm454375,4.1
tm837756,7.3
ts88909,6.8
tm305433,6.9
tm819054,5.8
tm863890,5.9
ts222325,7.8
ts218500,5.9
ts187386,6.6
tm490222,6.4
ts86928,8
ts89881,7.1
tm838876,3.4
tm868777,5.6
ts90511,7.3
tm846166,3.7
tm450478,5.4
ts213232,5.9
ts185885,6.8
tm917325,5.1
tm986700,5.8
ts217891,4.5
tm838687,6.1
ts85619,6.5
ts268099,6.6
tm856593,7
tm844662,7.4
tm446581,7.2
tm494731,4.4
tm886283,5
ts106141,5.7
ts225430,8
ts257301,6.5
tm844513,7
ts255809,7
ts192297,5.1
tm884369,8.6
ts189629,7.6
ts216593,
ts82739,6.3
tm858416,
tm836662,5.9
ts226588,5.7
ts222634,7.7
ts223895,8
tm970327,7.5
ts251615,6.4
ts216744,7.5
tm812998,8.2
tm889629,5.8
ts254568,7
tm977997,5.3
ts223077,
ts226617,8
tm897170,5.6
ts110637,6.5
tm917974,3.4
ts213820,7.3
ts88744,7.6
ts90621,9.3
ts90995,7.5
ts88841,6.4
tm916997,6.1
tm852662,6.2
tm376739,7.4
tm849937,5.5
ts93981,7.8
ts102933,6.8
tm932609,4.8
tm898169,
tm851346,6.5
ts252661,6.4
ts314648,7.1
tm894619,6.3
tm885805,5.7
tm483420,6.9
tm918853,6.5
tm814644,5.1
ts90413,6.9
tm850822,6.9
ts306187,6.4
tm857187,7.3
ts225102,7.3
tm925785,2.7
tm855535,
tm514494,6.2
ts214280,6.4
ts187443,6.6
ts251420,
ts225410,
tm453903,6.6
tm843938,6.9
tm674099,7
tm811971,7.8
ts86946,5.8
ts90645,6.8
tm835432,5.6
ts113748,6.6
tm413558,6.9
tm470560,7.1
ts90095,3.5
tm954543,5.3
ts235672,
tm434830,7.5
tm893680,5.4
tm824559,6.7
tm835486,5.8
ts237014,
ts87224,6.3
ts223238,7.6
ts88271,7.6
ts90280,5.9
ts288353,6.5
ts188840,7.1
tm915043,5.1
ts218277,7.3
tm887369,6.7
ts89231,6.6
ts251512,7.4
ts254916,6.6
tm493175,7.5
tm283581,8.4
tm917036,
ts104485,6.2
ts222049,7.5
ts223456,6.3
ts237773,
tm861718,5.9
tm458893,4.8
ts250800,
tm854278,
ts110635,6
ts191121,5.6
ts236051,7.4
ts213544,8.2
ts89028,8.5
ts269442,8.5
tm898699,6.6
tm840224,7.4
ts87320,7.6
tm453098,6.2
ts269501,7.6
tm848443,5
tm898773,6.5
ts90356,7.4
ts103213,5.9
ts223948,2.5
tm883441,7.4
tm813929,6.2
ts238242,7.3
tm857921,
tm465408,5.5
ts220983,
ts187070,6.6
ts256853,8.2
ts251621,7.1
tm452573,7.2
ts89347,7.9
tm822596,5.3
ts250920,7
ts105192,6.7
tm319139,5.5
tm495609,7
ts85451,7.2
ts89583,7.6
ts104168,6.8
ts87488,5.4
tm470597,7
tm502151,5.3
ts245653,
tm933447,7.1
ts254045,
tm456074,6.9
tm461159,5.8
tm875736,4.3
tm816593,5.8
tm454861,7.2
tm850862,
tm860965,
ts252166,6.7
tm919106,8.1
ts233530,6.9
ts87473,6.3
tm467848,6.1
ts223659,7.3
tm845532,7.3
ts225539,7.7
ts190452,7.1
tm836674,4.8
ts222438,
ts90902,7.9
tm912400,6.6
ts251119,6.5
ts88821,7.3
ts91034,4.7
tm816038,7.4
tm943718,5.8
ts101060,6.4
tm423624,5.6
ts88133,7.2
ts317497,6.5
tm518467,5.6
ts216513,6.5
tm826368,5.8
tm454096,4.6
tm987599,5.4
ts87361,6.2
ts104507,6.8
tm831873,6.7
tm856424,
tm884581,6
ts231260,7
ts218176,6.3
ts217719,7.4
tm885669,6
tm843276,6.5
tm941531,5.2
ts221851,7
tm873159,6.4
tm430106,7.1
ts254737,
ts224794,
ts88552,6.7
ts91087,7.9
tm836638,5.8
ts255418,7.9
ts88352,8.1
tm452440,4.5
ts83810,6.7
ts252318,4.2
tm949267,6.4
tm820116,6.4
ts314647,
tm458363,6
ts236332,3.9
ts89331,6.7
ts254767,7.3
tm856545,5.5
ts219422,8
tm886214,5.3
ts237071,6.8
tm425944,6.2
ts84639,5.9
tm888080,3.7
ts191285,7.6
tm925490,6.6
tm450095,7.4
tm452867,6.3
ts87372,6
tm450698,6.2
tm895839,
tm454156,6.2
tm897418,6
tm857397,6.9
tm960414,5.8
tm475430,5.8
tm897771,
tm351938,3.9
tm460360,5.9
ts90789,7
ts256606,7.4
ts222609,
ts59542,
tm494531,7.2
ts107963,6.7
tm1127695,7.2
ts235979,7.3
tm818786,4.9
tm674135,7.1
ts227412,8.1
ts87698,7.8
ts87680,5.9
tm817087,6.5
ts251378,7.4
ts90980,7.5
ts225513,
tm484989,4.5
tm455197,7.2
ts88937,6.6
tm431349,7
tm886086,5.2
tm889679,5.4
ts85510,7.6
ts101042,7.1
ts252977,
ts223690,
tm835869,5.6
tm450673,5.6
ts218367,4.9
ts90508,4.4
ts256784,
ts253549,
tm455410,4.9
ts108593,5.2
ts222803,7.3
tm470378,7
ts236182,5.1
tm472766,6.1
tm857399,6.8
ts226403,6.8
tm428506,7.3
tm464435,7.1
ts218890,6
ts89361,5.3
tm832903,5.1
tm910612,5.5
tm885845,6.3
ts252141,6.3
tm468724,
tm925218,5.2
tm1147120,
tm973704,7.7
tm485801,4.3
tm954606,5.8
tm469025,7
ts223242,7.1
tm458418,
ts251618,5
tm458326,6.4
tm948916,5.4
ts251061,7.7
ts224891,
tm917822,3.8
tm464888,
tm846941,
tm848663,
tm854876,6.1
tm882887,7.2
tm473601,
tm821164,2.6
ts250871,7.2
tm840723,7.5
ts243256,5.7
ts224796,6.3
tm857051,6.8
tm458328,7.8
tm931330,7.5
ts105608,5.6
tm1005077,5.6
ts222980,4.9
tm944631,8.1
ts89315,6.8
ts269157,7
tm889200,
tm823302,6.8
tm847623,3.4
tm832843,6.9
tm375446,5.1
tm822832,6.5
ts103935,7.3
tm849407,6.4
ts223084,5.6
tm898759,
tm889390,
tm889018,
ts224198,
tm946604,5.9
ts100354,7.9
ts254817,7.3
tm450375,5.3
tm954303,2.8
tm452962,
tm493511,7.5
tm885470,
tm881891,5.9
tm460815,6.3
tm883113,
tm880059,5.9
tm998899,6.4
ts253288,5.4
tm474862,6
tm372035,4.6
tm449590,4.6
tm849251,
ts89340,7.5
tm975765,8.5
tm827640,6.3
tm850454,7.2
ts270439,5.6
tm947555,5.5
tm835305,
tm843944,
ts217356,5.4
tm460259,6.1
ts256898,
tm879609,6.7
ts88336,6.3
tm426630,7.1
tm932595,5.4
tm451584,6.8
ts254537,7.6
ts268758,5.5
tm918962,4.9
tm1081074,6.7
ts86365,8.3
tm466832,6.5
ts218504,6.7
tm464527,7
tm945825,2.4
tm927926,5.7
ts225379,
tm474548,5.7
tm819107,7.5
ts89330,7.5
tm827168,
tm838869,
ts91125,
tm812781,6.7
tm884616,6.4
tm945168,7.2
tm933639,5.4
tm847805,7.6
tm938227,5.2
tm910999,5.1
tm980097,2.7
tm475501,7.2
tm845552,
tm948607,5.8
ts218776,6.9
tm818588,5.2
ts250803,7.7
ts79695,6.7
tm852060,4.5
tm469432,7.6
tm842829,
tm898180,
tm461827,5.3
tm814734,4.9
tm450832,4.6
tm849131,3.4
tm925858,5.6
tm932201,
ts90640,8.2
tm428702,5
tm475162,
tm853910,7.6
tm822099,8.2
ts262037,7.3
ts270742,7.7
tm818154,6.5
tm450462,7.3
tm474695,6.8
tm447755,5.1
tm912415,6.3
tm465984,
tm429172,5.6
tm825102,8.4
ts237304,
ts243189,8.3
tm821662,7.4
tm819497,3.8
tm465427,5
tm452929,4.8
tm937265,5.8
tm421560,5.9
tm973536,6
tm854682,4.9
tm466255,6.5
ts86940,6.5
tm462551,3.9
ts214462,6.6
tm833382,5.8
tm863879,
tm912327,5.1
ts251272,5.8
ts269073,5.3
tm473813,6.5
tm840761,
tm878995,5.2
tm982100,6.3
tm483602,6.6
tm931436,4.3
tm838705,4.9
tm901947,7.2
tm975398,4.8
tm470252,6.3
tm463038,5.3
tm462778,7.3
ts214192,5.1
ts104483,6.5
ts250872,5.1
tm830795,7.2
tm849323,3.3
tm919920,6.6
tm455981,8.7
tm462611,5.9
tm453727,4.5
tm814894,6.8
tm816992,6.1
tm477006,6.2
tm839761,7.3
ts269740,6.1
tm908529,5.7
ts87489,6.9
ts216698,
tm944331,6.5
tm940566,3.5
tm979689,
ts217389,6.8
tm851912,5.6
tm926528,6.9
tm838765,5.3
tm890591,
ts223982,2.5
tm844497,
tm856945,
tm977952,
tm857805,
tm892081,6.1
tm912190,5.6
tm678851,8.2
tm919903,5.6
tm474061,5
tm675171,7.4
tm467116,5
tm494847,6.3
ts103918,7.8
tm373471,3.4
ts214463,8
tm511991,7.1
ts91741,6.8
ts223308,6.9
ts218000,6.6
tm946360,6
tm938466,5.2
tm850730,
tm842817,5.3
ts218307,6.6
ts222942,6.6
tm884531,
tm871330,4.6
ts223110,6.8
tm957567,6.4
ts226410,7.9
tm841410,
ts222599,8.2
tm431810,7.2
ts112733,6.8
ts224906,7.6
tm946801,6.7
ts104516,5.4
tm918373,4.7
ts105601,7.5
tm869373,6.6
ts214861,5.2
tm957903,7.2
tm946927,7
tm945435,6.6
ts228502,5
tm466954,2.6
tm850176,
tm845020,6
tm843345,5.1
ts217045,6.9
tm889647,6.4
tm847008,6.4
tm1172010,6.5
ts112667,7.9
tm845850,
ts251929,6.2
tm946718,
tm844208,7.5
ts221041,4.6
ts217050,6.7
tm462660,6.4
ts101503,4
tm977478,6.6
tm910040,
tm452574,7.2
tm483511,3.6
tm469966,6.5
tm420181,6.9
tm676905,7.4
ts262228,7
ts90063,8
tm828326,7.6
ts89182,6.5
tm965408,6.2
ts252015,5.4
tm455161,5.4
tm919082,6.2
tm452996,5.7
tm866782,5.6
tm935388,5.7
tm1096875,
tm826875,
tm882875,
ts251072,6.4
tm897794,6.4
tm828570,7
tm825952,6.5
ts88608,7.2
tm462277,6.6
tm943771,7.1
tm838007,5.5
tm817284,6.1
tm887052,7.3
tm834608,6.3
tm918960,5.9
tm977782,7.1
tm459329,5.1
tm933826,6.8
tm849599,5.1
tm838022,6.7
tm863514,5.5
tm981475,6.2
ts237556,4.3
tm461726,
tm845616,5.9
tm872732,6.7
tm854454,6.9
tm810423,7.6
ts89696,6.9
tm957792,4.7
tm849102,4.6
tm946277,7
ts266966,5.2
tm925186,3.9
tm514257,6.3
tm1013697,3.8
ts89363,6.8
tm863992,6.8
tm882700,
ts251616,5.4
tm841239,7.1
tm851862,4
tm837648,
ts253722,6.4
tm976632,3
ts221151,6.7
tm843958,3.1
tm431769,7
tm366245,3.7
ts241460,
tm1079495,4.7
ts269844,8.1
tm822210,6.2
ts256297,5.9
ts236197,
tm472195,5.7
tm971431,
tm466426,4.3
tm943808,7.1
tm451852,5.3
tm844978,6.6
tm877746,5.6
ts88166,6.2
tm918043,7.3
tm835512,6
ts256134,6.3
tm918258,5.8
ts89895,6.4
tm972010,
tm426634,6.1
tm442199,4.3
tm908777,6.4
ts225647,
ts105589,7.5
tm852728,5.8
ts103574,6.5
ts269283,
tm847678,
tm835414,8
tm859143,7
tm918026,6.4
tm812593,4.3
tm825210,3.8
tm810642,4.8
tm845370,
tm457296,5.5
tm822271,6.2
ts236769,7.6
tm810836,
tm473647,6.9
tm452900,7.2
tm840216,6.5
tm857873,
tm492043,5.8
tm854749,
tm923612,6
tm456894,
ts92405,5.3
tm465513,3.5
tm973335,5.5
ts223062,
ts222625,8
tm234980,5.4
tm980358,
tm468200,8.1
tm837690,7.2
tm885364,
tm845588,
tm828318,6.9
ts238316,8.4
tm893874,5.7
ts189314,6.5
tm929600,6.9
tm845594,7.2
ts266898,5.9
tm464212,6.5
tm832463,6.2
tm938333,6.3
tm842976,5
tm824324,
tm463814,6.4
tm907872,8.8
tm845117,6.2
tm834121,
ts233367,6
tm456271,
tm850382,8
tm938048,
tm824560,5.8
ts236653,6.5
tm863611,7.5
tm813936,5.9
tm832844,6.3
tm1149814,4.8
tm982569,4.7
tm468651,6
tm881575,7.2
tm907704,6.7
tm494190,6
tm462037,5.1
ts269085,
tm946795,6.1
ts257243,6.8
tm474647,
ts88146,7.3
tm822502,7
ts222687,5.7
ts223454,
tm484173,6.2
tm918894,6.4
tm842869,5.7
tm474721,5.6
tm847212,
tm931701,5.5
tm1020701,7.2
tm457410,6
tm917999,5.5
tm461532,4.4
tm862830,4.4
ts221891,7.6
ts298837,3.4
tm836501,5.9
tm851860,6.2
tm474263,5.2
tm949905,3.2
ts90466,5.7
tm920320,7.8
tm476922,7.2
tm467955,6.3
tm976168,7.1
ts89336,7
ts89656,7.4
tm845942,5.8
ts314529,
tm950808,
tm507191,6.7
tm958984,6.8
tm474496,3.8
tm466850,7.3
ts213611,7.3
tm115973,6.7
tm1015303,5.3
ts214579,6.6
tm823459,6.5
ts252695,5
tm849871,5.2
tm817542,8.3
tm983091,
tm896246,5.7
tm845607,5.2
tm881984,5.8
ts217553,
tm917846,
tm921416,5.8
tm881973,
tm452237,4
tm851499,7.7
tm813938,4.7
tm818499,5.3
tm853485,7.8
tm898285,6.8
tm853113,6.1
tm830994,
tm819016,6.8
tm1080109,
tm920599,
tm848261,4
tm908128,7
tm813634,5.8
tm941493,
tm477403,5
tm854786,7.5
tm468824,5.7
tm825934,6.2
tm843143,
ts90643,
tm813423,6.8
ts230973,7.7
tm927033,6.8
tm830833,4.5
tm887376,
tm859424,
tm677746,6.2
tm810873,6.9
tm475638,3
tm437379,6.5
tm981956,5.9
ts229700,
tm902363,
tm839479,6.7
tm405637,6.2
tm982018,5.5
ts223098,4.7
ts233732,7.2
tm885948,7.2
tm475815,4.2
tm435836,6.8
tm812783,6.1
ts89679,8
tm1028083,4.6
tm824566,7.5
tm813075,7.3
tm837843,6.6
tm893510,5.3
tm996316,7.2
tm847630,2.7
tm852775,7
tm430120,6.1
tm977772,6.7
tm981770,3.2
tm1004219,5.6
tm866495,4.9
tm439365,4.5
tm683841,7.4
tm922407,6.4
tm822272,7
tm467735,6.4
tm832684,7
tm984018,6.9
ts224261,5.7
tm373655,7.6
tm452578,5.5
tm840208,5.9
tm886360,4.3
ts225708,4.3
tm819841,7.9
ts215166,6.4
tm832289,6.7
tm1026231,
tm464509,8.5
tm938186,
tm912399,4.6
tm824858,
tm835958,6.5
tm1047951,2.9
tm947446,4.9
tm953122,
ts251783,
tm984935,7.6
tm1026240,6.5
tm454464,6.3
tm373452,7.7
tm843222,
ts45322,8.1
ts222512,6.4
tm929614,6.8
ts223121,6.8
tm854261,3.7
tm937044,6.7
tm435327,8.1
ts78324,5.8
tm834715,8.4
tm1036794,
ts223115,7.8
tm814652,8.3
tm835445,6.9
tm461427,5.8
tm815438,5.5
tm468811,7.4
tm883070,5.9
tm929630,5.3
tm810357,
tm1005937,3.3
tm831934,5.5
tm830151,7.4
ts222802,7.5
tm899554,6.2
tm860204,
ts237487,5.7
tm975616,8.1
tm840242,
ts87599,7.3
tm976797,7.8
tm1114639,
tm838954,
ts268648,6.8
tm844236,
ts90696,7.3
ts90568,
tm938434,4.2
tm466854,7.1
tm894858,
tm472999,7
tm1073424,
tm469510,5.5
tm924556,4.7
ts268997,6.4
ts221472,5.2
tm831196,6.4
tm918959,
tm831125,
tm674494,6.2
tm474618,6.5
tm675214,6.2
tm453994,7
tm677904,6.6
tm890479,
tm476708,5.7
ts235689,4.9
tm935941,6.1
tm936519,
tm834653,5.9
tm472961,
tm818239,5.3
tm852207,
tm820338,5.6
tm675154,5.9
tm945831,
tm679270,7.2
tm540277,6.4
tm844201,4.8
tm488551,4.7
tm882222,
tm840152,
tm1113921,7.7
tm475254,6.9
tm1030742,
tm1031016,
tm878495,6.6
tm478962,6.6
tm1068745,
tm916008,
tm476593,6.4
ts222901,5.5
tm814953,6.9
tm836077,5.2
tm855232,
tm935993,7.1
tm848444,5.9
tm882606,7.2
tm942492,
tm976519,3.7
tm483103,5
tm888850,
tm826677,
tm833361,
tm483190,5.9
tm1088545,
tm833555,
ts213071,5.5
tm435295,7
tm980439,5.9
tm678035,5
tm846630,6.3
tm885938,
tm824855,7.2
tm983849,6.5
tm894241,6.2
tm464284,5.1
tm922943,
tm878492,7
tm944561,
tm977184,6.3
tm873655,6.6
tm867288,6.9
tm925702,6.6
tm811954,6.1
tm837042,
tm1000551,5.2
tm981675,4.5
tm896976,
tm460199,5.8
tm498444,5.9
tm816983,5
tm823848,
tm822167,5.6
tm918704,
tm837802,2.5
tm1080554,
tm989205,
tm853091,
ts258169,5.8
tm919210,
tm1028068,
ts223078,
tm849565,
tm1000166,
ts234501,7.1
tm944307,8.4
tm510525,5.1
ts235916,4.3
ts269280,5.6
tm472231,7
tm460149,6.6
ts222838,
tm873357,7.7
ts255823,5.6
ts241246,6.4
tm856372,
tm493556,6.2
tm971819,6.3
ts215869,5.6
ts234505,6.2
tm530822,7.5
ts215862,8
tm1073298,
tm816432,5.4
tm461907,4.9
tm463217,7.7
ts89531,
ts236850,7.8
ts251607,3.6
tm454431,5.9
tm446480,7.8
tm869307,
tm979073,
tm1041549,
tm879556,7.4
ts90648,
tm454338,6.8
tm470687,
tm474405,6.2
tm471802,7.4
tm873354,6.7
tm902993,6.3
ts89740,7.4
tm836449,6.1
tm462809,7.1
tm455715,6.8
tm843408,5.8
tm476496,7.8
tm815509,4.7
tm898322,6.8
ts304136,
tm901961,5.9
tm940835,
tm846354,6.9
tm823350,2.8
tm915354,5.7
tm451502,2.6
tm450129,7.1
tm921230,6.4
ts222362,7.7
tm826983,
tm451269,5.5
tm840236,6.4
tm460411,4.4
ts224956,
ts283159,5
ts264270,7
ts217231,8.9
ts90093,6.1
ts342732,
ts108385,6.8
tm1082564,6.7
tm1043537,6.9
tm674063,6.9
ts225061,6.4
tm1166024,4.7
tm1075698,6.7
ts344184,7.2
tm1120543,4.7
tm1185367,5.6
ts256310,7
ts270910,7.1
ts222333,9.1
tm1083293,5.7
tm979026,7.5
ts301625,6.1
ts311987,5.8
ts215951,7.7
tm856378,7.2
ts307973,6.9
ts240453,7.5
ts333834,5.4
tm852172,7.3
ts294338,6.1
ts256072,6.3
ts256710,7.3
tm413169,6.2
ts343599,6.7
ts220305,8
tm1185374,6.2
tm1064065,5.6
ts343432,6.1
tm1137051,6.5
tm1080083,6.7
tm1191224,2.5
ts331448,4.9
tm370144,7.6
tm404856,6.3
ts281927,6.9
ts223537,8.4
ts340376,6.3
ts346959,7
ts87242,7.6
ts296046,7.5
tm937814,8
ts328625,
tm825714,6.5
tm1196288,
tm1014947,6.5
ts227473,7.1
tm1185421,
ts321918,7.2
ts225855,7.5
ts257504,7
tm1142224,6.8
tm1185360,7.3
tm1165983,5.6
ts102086,7.2
tm857461,7
ts330402,5.7
tm1120855,6
ts329699,7.7
tm1019177,5.4
tm1166288,7.1
ts237722,7.5
tm1166020,5.7
tm1066826,4.3
ts85985,6.6
tm991529,7.4
ts343430,7.5
tm1092864,7.1
tm986168,6.3
tm983784,5.7
tm1150385,7.2
ts232107,6.9
ts237713,7.8
tm1033470,5.8
ts300391,7.2
ts94677,8.1
ts251675,6.6
ts234817,6.2
tm1185687,6.1
ts286731,7.8
ts314164,7.7
ts327074,
tm1111987,6.8
ts279892,7.4
tm946869,4.8
tm471968,6.7
tm1138477,7.4
ts311985,7.6
ts250998,7.3
ts331681,5.6
tm1048362,6.4
tm501313,6
tm1110527,5.5
tm983723,7.8
ts225645,7.2
tm1046026,6.9
ts289334,5.4
ts296472,7.7
tm1022103,6.9
tm456513,5.7
ts321513,8.4
ts311989,8.1
ts310057,7.5
tm1119272,7.8
ts225657,7.5
ts229335,6.8
tm1038686,8.7
ts287976,8.3
tm1191019,
tm347095,6.5
tm855839,7.3
ts255037,5.8
ts312984,7.7
ts95572,7.6
tm1048678,7.9
ts287352,7.1
ts346034,
ts346500,
tm851128,5.4
tm1179973,6.3
ts273436,7
tm1046932,6.2
tm861000,6.8
ts237972,7
ts262246,5
ts330347,5.5
ts328541,7
ts302363,8.7
tm859005,6.2
tm1002815,5.7
ts88578,7.4
tm817075,6.2
ts308845,8
tm1087461,5
tm1188819,5.3
tm1092958,5.3
tm416779,5.7
tm1000619,6.9
ts330425,4.7
tm1187913,5.8
ts282131,8.2
tm1141439,6
tm1185388,7
ts331680,7
tm1200703,
ts220553,5.9
tm1003630,4.6
ts328194,7.8
tm1046627,5.3
ts307649,8
tm810504,6.2
tm1046264,6.4
ts296214,7.4
tm1201670,
tm1185506,4.6
ts283080,6.4
ts287438,7.8
ts219423,5.2
tm992844,7.1
ts108042,8.1
tm1075215,5.3
ts271413,7.5
ts281062,6.3
ts343427,6.6
tm1168932,7.3
tm1003034,7.2
tm813078,7.3
tm1110150,4.8
tm1000147,4.9
ts271867,8.4
ts272980,6.6
tm1027081,6.1
tm974195,6.8
tm1021871,6.3
ts273229,5.7
tm1063652,5.3
tm841825,6.8
tm993670,2.5
ts328605,7.1
ts314135,6.8
tm1151272,6.8
tm1005109,7.2
ts287559,6.7
tm897466,7.5
tm314863,6.7
tm841797,5.6
tm977704,7.2
tm1202960,
tm525645,6.2
tm1141594,4
ts330289,
ts270405,8.1
tm1107225,5.4
ts271595,5.9
tm993838,6.5
ts290643,7.1
ts329700,5.5
tm1020820,5.6
tm1191860,
tm999927,7
tm1198745,3
ts314594,7.1
tm1093099,6.3
ts315611,7.9
ts297483,8.5
tm858869,5.6
ts343404,
tm833216,5.3
tm1159163,4.5
tm1096775,7.2
ts343251,7.1
tm912100,6.1
tm458292,6.5
tm981945,6.6
tm465421,6
ts1475,4.3
tm1108321,8
ts297846,7.1
ts288087,6.8
tm992260,5.7
ts329885,6.2
ts296563,9.2
ts306203,6.2
ts304053,7.9
ts253813,8
ts284702,6.5
tm1079334,6.9
tm1131382,6.8
tm1108648,4.6
tm824160,6.7
tm459789,6
tm919880,7.1
ts299865,6.8
ts269676,6.4
ts104499,7
ts288744,8
tm1038344,4.8
ts287532,
tm863351,5.8
tm976166,6.6
tm949309,7.1
tm1018890,8.1
ts319303,1.6
tm1064228,6.6
ts314742,5.8
tm1018427,6.7
tm855075,7.4
tm1104532,6.4
tm1165219,6.5
ts272463,5.4
ts286317,7
tm1020851,6.5
ts320426,6.5
tm1138870,7.3
tm1158704,5.6
ts296825,6.3
tm1044275,
ts256311,6.6
tm1187638,
ts269881,6.2
tm1182144,5.5
tm1146393,5.6
tm1038327,5.6
tm1080252,7.1
ts287294,6.9
tm1173806,
tm1198504,
tm473502,7.4
ts312071,7.3
ts271888,6.8
ts250092,7
tm1073510,5.2
ts302312,5.7
tm1025493,8
ts287328,6.2
ts317422,7.6
tm1195032,
tm1087160,5.4
tm1038363,5.6
tm879685,6.2
tm1039147,5.3
tm1107063,6.3
tm1082974,6.8
tm1167440,6.2
ts260477,7.1
ts265991,7.4
ts304468,7.9
tm922429,5.3
ts321614,
ts315041,7.4
ts291718,5.7
tm983658,7.7
ts329854,
ts300456,5.5
ts307925,6.5
tm898614,5.5
tm1164962,5.8
tm858000,7.2
tm922706,
ts280892,6.4
tm1183542,6.7
ts273485,6.6
ts301915,
tm1042481,5.5
ts268102,8
ts282133,6.1
ts273100,7.8
ts271604,7.7
ts313781,7.9
ts311791,6.4
ts305264,7.6
tm1177856,5.7
tm673809,7.4
tm434625,7.2
ts222864,8.4
tm999817,6.8
tm1045741,6.6
ts255486,6.5
ts215989,7.6
tm1132176,7.1
tm1020326,
ts299874,7.1
ts257345,7.2
tm1038369,5.6
ts241854,
tm1141923,5.2
tm1102868,3.9
ts288489,
ts287722,6.8
tm1052498,3.6
tm1150872,7
ts270798,6.6
tm1003353,6.9
tm881587,7.1
ts320302,6.6
ts288005,7.2
tm1110389,6.1
tm1003261,7.3
ts246178,6.6
tm1086874,8.1
ts246073,6.7
tm863823,6.1
ts192196,6.4
tm860261,6.3
ts308838,7.3
ts216407,7.4
tm1028298,4.3
ts271025,5.8
tm983668,6.7
ts29800,6.1
tm1120509,3.9
ts317522,7.3
ts317078,7
tm166973,6.6
tm1082314,7.5
ts305263,7
tm1134006,6.3
ts271321,8.1
tm1174920,6.1
tm1131061,7.7
tm1030495,
tm1162608,4.2
tm1120902,4.6
tm1093287,6.9
tm1144897,6.4
tm863919,5.4
tm1087932,4.3
ts220196,7.6
tm1084966,6.9
tm1074764,7.3
ts240807,7
ts313689,
ts289620,7.4
tm1106212,6.8
ts301999,6.5
ts346007,
ts319333,6.2
ts313668,8.7
tm888243,6.5
ts283610,6.4
ts315144,
tm1049155,6.2
ts306510,7.4
ts343426,
ts271517,6.5
ts306322,7
tm675820,6.7
tm1150256,4.7
tm1087956,5.7
ts341760,2.6
ts302714,6.5
tm993790,
ts271593,6.7
ts310376,4.8
ts280693,1.7
ts293814,6.2
ts296129,7.4
ts320557,6.1
tm984204,4.5
ts301196,5.5
tm1020073,4.4
tm1127479,6.7
ts320502,7
ts317297,6.4
ts223450,8.6
tm1195428,
ts255779,7.2
ts287045,7.4
ts320183,7.2
tm1003725,5.5
tm983270,5.4
tm319224,6.2
ts301914,6.9
ts283676,8.3
ts272669,7.5
ts268835,7
ts317612,7.1
ts308511,6.6
tm1166015,6.6
ts188861,7.4
ts308689,7.2
tm1096769,7.1
ts269286,5.4
ts320075,7.9
ts304058,7
tm1092995,7.3
tm963182,6.7
ts296091,6.3
tm1083068,6.7
tm1102891,5.5
tm1137862,6.3
tm1074621,
ts72196,6.7
ts269493,8.4
ts310331,6
tm960924,6.4
tm998188,5.4
tm1036270,5.9
ts296081,7.4
tm921206,4.7
ts287802,7.9
ts239188,5.7
tm988736,7
ts308039,
ts283528,6.9
tm991351,7
tm813372,7.2
tm1077013,6.3
ts297031,
tm972519,4.3
ts315551,6.2
tm1092892,7.5
ts306068,6.4
tm1040688,7.7
ts319412,7.2
ts326955,
tm998858,6.9
tm1000797,5.5
tm362072,6.5
ts272366,7.8
ts271726,7.2
tm880822,6.6
tm433048,5.5
tm1031976,7.5
ts317526,4.4
tm1125844,5.1
ts284862,
ts258415,5.5
tm872108,5.7
tm985550,6.6
tm948681,6.2
ts302653,7.4
ts330132,6.9
ts14520,6.5
ts241296,7.6
tm1142517,
ts271720,8.1
ts282291,7.4
tm1029256,7
ts315549,6.1
tm1108621,6.2
ts257817,7.4
ts296069,7.3
ts308516,4.6
tm810494,5.3
tm950444,6.6
tm894254,6.8
ts296059,6.9
tm998726,4.7
ts104362,7.9
ts321084,6.8
ts90023,7.4
tm1179176,5.5
ts260502,7.4
tm834847,5.5
ts232506,6.9
ts326029,6.3
ts317720,6.7
tm1064532,4.8
ts312200,3.9
tm1040671,6.6
tm984155,4.2
ts244930,6.3
tm996010,5.4
ts272939,6.6
tm1077201,6.3
ts108621,6.5
ts292662,7
tm1171107,7.5
tm965754,7.2
tm1038355,5.3
ts288472,7.5
tm1041543,7.8
tm945448,6.4
tm949382,5.1
tm1030283,5.6
ts319460,7
ts302489,5.3
tm1021689,6.3
ts307745,7.7
ts320872,7.5
tm1185568,6.1
ts317423,5.6
tm421437,6.1
tm466544,6.5
ts288065,6.2
tm1106806,
ts226392,6.5
ts306188,4.8
ts312094,6.7
tm1119136,4.4
tm1147890,7
tm1098514,7
tm1000599,7.3
ts288195,7.7
ts257271,7.1
tm1104252,4.3
tm1084481,6.9
tm1107912,7.2
tm1002408,7.7
tm876608,5.4
tm1119015,6.2
ts328617,5.4
ts297247,3.4
tm1143058,6
ts328317,6.5
tm1129217,5.7
ts297675,4.6
tm454879,6.3
ts282840,6.6
ts321966,8.2
ts302058,6.2
tm996040,5.2
ts321437,6.1
ts291150,7.2
tm982887,5.9
ts286632,6.5
ts330012,6.7
ts313849,6.7
ts314395,5.3
ts329711,5.3
tm1111920,
ts317064,6.8
tm1174856,6.7
tm998033,7.6
tm983730,7.7
ts235563,7.2
tm1022893,4.7
ts302570,6.5
tm1143258,6.1
ts310335,4.2
tm1111616,5.2
tm1011188,5.6
ts305890,5.2
tm1159301,6.5
tm1178876,4.3
ts331654,7.5
ts254928,
ts325756,6.6
tm1040337,5
ts273245,4.1
ts287703,7.8
ts287838,7.9
ts243780,6.2
ts289364,6.3
ts279953,8.1
tm1173363,
tm1102151,5.5
ts301609,6.1
tm979688,5.5
ts297065,5.8
ts304709,6.9
ts273318,6.9
ts329882,5.9
tm1018418,
ts317144,5.2
tm1165118,4.8
tm902870,7.8
tm1091155,7.6
tm872496,5.4
ts289261,6.8
tm1179579,5.6
tm1111595,5.5
ts282155,5.6
ts285469,6.8
ts272515,6.1
tm960145,6.1
tm990835,4.4
ts299485,7.3
ts288540,7.2
tm1115392,7.9
tm1082359,6
tm1047190,6.4
tm1038857,6.8
tm1043290,6.5
tm1115800,5.1
tm1000037,5.4
ts313902,5.5
tm1023388,5.4
tm1130264,5.7
tm816591,6.8
ts275448,8.8
ts287853,5.1
ts342479,
tm1088320,4.5
ts287149,2.3
tm1065788,6.3
ts270807,7.3
tm926580,7
tm1152323,6.1
ts273461,
tm1130995,5.1
tm979182,5.5
tm1092309,6.5
tm1031186,7.5
tm1092075,5.5
tm1017664,6.1
ts316965,4.7
ts297763,6.8
tm963023,6.9
tm960430,5.9
ts300274,5.2
tm993435,6.9
ts299321,7.2
tm1000296,6.8
ts288997,6.8
ts292446,6.8
tm1031448,
ts306135,6.7
tm992279,5.2
tm1080406,5.8
ts258321,6.4
tm1070032,5.1
ts289757,7.2
ts309676,6.7
ts311958,7.5
tm1128292,6.4
tm890013,4.7
tm1015103,6.4
ts288064,7.1
tm1129394,5.5
tm950360,
tm1159300,
tm1165179,7
ts287941,1.8
tm1001108,6.8
ts268220,
tm1160484,6.7
tm1119455,6.3
ts283639,8
tm1063034,
ts311915,6.2
ts257315,6.2
tm1174919,
tm1040733,8.6
tm1006127,6.5
ts254956,
tm1137797,6.2
tm1022912,6.5
tm1130275,6.5
tm886188,5.7
ts303513,
tm1094069,6.4
tm1075596,
ts287741,6.2
tm1160938,6.5
ts319464,
tm1204412,
ts304690,7.4
tm1027297,
tm1172600,7
tm1120937,6.7
tm1118822,2.5
tm1102570,3.4
tm990983,6.7
tm867681,7
tm1160424,4.4
tm1114205,3.9
ts314963,5.7
tm1049290,5.3
tm1002869,6.2
tm1150800,5.5
tm1143319,
tm861018,6.7
tm980657,6.6
ts285854,
tm1131895,8.3
ts307981,6.2
ts288545,3.4
ts61384,7.5
ts296179,5.6
tm958688,7
ts273275,5.1
tm1150727,6.9
tm990972,5.7
ts320407,7.9
tm1013111,5.7
ts293346,5.9
tm1073802,
tm1063013,5.5
tm1039422,6.3
tm859256,
tm1001267,6.2
ts285471,4.9
tm1111717,
ts283614,5.3
tm1082515,6.4
tm876997,6.4
tm1118234,6.3
tm1102226,6
tm876083,5.8
ts285470,4.9
tm1038364,5.2
tm1131374,4.7
tm1116525,5.3
ts310628,8.4
tm1119172,7.1
ts286218,8.1
tm1049265,5.8
tm1152224,5.1
tm1001095,4.4
ts257873,6.2
ts296201,5.9
tm977620,7.1
tm1045603,5.5
tm1161223,6.9
ts282876,6.9
ts331449,6.3
ts229537,6.6
ts346656,
tm989672,6.9
tm975741,6.5
tm1054462,6.1
ts287729,8.3
tm1101878,5
ts267062,5.5
tm986017,5.9
tm1037704,5.7
tm1027639,4.6
tm997608,6.7
tm1001619,6.9
ts311887,
tm1109843,7.4
tm1074622,
tm904862,4.5
tm1025318,6.7
ts288832,7
tm954297,5.3
ts272092,6.5
tm1124066,6.5
tm1106551,4.4
ts316882,7.6
tm1095880,5.3
ts285106,6.3
ts305732,5.6
tm1044137,7.2
ts301964,
tm1031499,5.3
tm1029279,6.6
tm1108010,7.8
tm919869,6
tm1000185,5
tm1036542,
tm1020293,6.1
tm1096880,3.6
tm942277,7.2
ts302056,5.4
tm981676,5.6
tm1037687,5.6
tm1033803,4.2
ts285874,6
tm810657,
tm1027712,5.3
tm1164320,
ts282214,7.5
tm1087383,5.3
tm988879,6.8
tm1068777,4
tm1030071,
tm1037519,6.4
ts292270,5.6
tm985712,5.3
tm1142245,7.5
tm1147172,6.6
tm869475,6.9
ts274575,6.8
ts314962,7.4
tm1106900,3.7
ts319608,5.4
tm1091823,
ts289982,5.9
tm1003376,6.1
tm1068632,5.1
tm1111559,4.4
ts296581,
tm1039168,8
tm1165244,5.2
ts321254,
tm1110205,4.9
tm983466,6.7
ts317709,6.3
tm1064988,6.6
tm1028026,5.8
tm1107848,5.1
tm1039571,
tm1053409,4.2
ts305254,6.7
tm1019865,6.2
ts293103,6.8
tm1159947,5.9
tm1024062,8.1
tm1038096,3.9
tm989502,6.4
tm1030241,7.4
tm1099969,7.7
tm1019822,
tm1024535,5.7
tm995613,5.8
tm1068692,7.5
tm1127511,6.5
tm1055586,4.4
tm996996,4.4
ts288861,8.2
tm462311,5.6
tm1120636,7
tm990740,
tm1166429,7.1
ts308053,6.6
tm1141663,6.6
ts188367,5.3
tm1033635,5.8
tm1107850,6.6
tm1073555,7.2
tm1042277,
tm983722,5.2
tm1147041,3
tm1183575,
ts330422,7.2
tm1102856,5.3
ts322267,6.2
tm988801,6.3
tm855340,5.9
tm1076198,7.1
tm1037800,6.1
tm1029314,6.2
tm1080114,3.9
tm1099320,5.4
tm945283,
tm1159298,
ts270616,6.5
tm1119331,6.4
tm1022280,
tm998678,
ts269300,
ts272422,7.3
tm1120766,7
tm1018592,5.3
tm1011248,4.4
ts297132,
tm1102410,
tm1066324,5.8
ts268103,
tm1019084,
ts322506,7.5
ts288544,6.6
tm1121084,3.7
tm1049083,
tm994923,6.1
tm1141346,5.7
ts287804,
tm863829,7
tm1068720,5
tm1049317,6.7
tm831387,4.3
ts297729,
ts302434,
tm1059008,3.8
tm856634,6
tm1064193,6.8
ts320335,5.5
tm1110241,5.4
tm1109080,
tm1043655,6.9
tm985747,5.7
tm1015884,5.2
tm1121098,4.9
tm1067260,5.4
tm959213,5.6
tm918777,5
ts285422,8
tm886193,3.4
tm987730,6.2
ts283284,5.9
ts297685,7.8
tm1045883,5
tm1032950,
ts308002,6.9
tm1040959,
tm988613,4.8
tm1110212,3.8
ts284885,6.6
tm1122095,4.7
tm1038025,3.3
tm997617,
ts287687,6
tm1036797,4.3
tm1027177,5.6
ts345779,
tm1047429,
tm1082795,4.6
ts309235,5.8
tm1091284,5.5
ts307816,7.3
tm998544,6.6
tm1099342,3.2
tm982470,6
tm898842,7.8
tm1146635,7.1
tm1091956,4.9
tm1094060,
tm1046969,2.3
tm1063339,4.1
tm1074617,
tm1026043,7
tm1080697,5.7
tm1035612,
tm993616,6.9
ts273317,5.1
tm851599,5.8
tm1040832,5.4
tm1025616,5.9
tm846586,6.1
tm1106888,4.2
tm996479,4.5
tm1097142,4.9
ts296698,
ts297061,
tm878575,6.2
ts286386,4.6
tm985215,7.2
tm1004011,2.2
ts307884,
tm1040816,5.8
tm1014599,6.9
tm1108171,
tm1045018,6.5
tm1098060,6.2
ts271048,8.8
