id,imdb_votes
ts300399,
tm84618,795222
tm127384,530877
tm70993,392419
tm190788,391942
ts22164,72895
tm14873,153463
tm185072,94121
tm98978,69053
tm119281,111189
tm67378,16168
tm44204,50150
tm69778,30277
tm69997,5141
tm96649,11329
tm16479,42373
tm135083,4385
tm14491,1117
tm89386,2416
tm156453,411
tm27298,2470
tm356209,82
tm204541,590
tm14350,1689
tm102287,231
tm76557,943
tm71909,225
tm94651,25
tm19608,1219
ts45948,2144
tm90896,768
tm75975,168
tm97793,
tm85426,
tm188894,
tm107372,236
tm200475,106
tm259855,43
tm259684,75
tm344089,137
tm358653,78
tm100027,555
tm10204,285
tm403346,14
tm16812,35
tm336403,41
tm119776,329656
ts20681,302700
tm111075,392790
tm180542,342335
tm138875,212913
tm155792,92647
tm22327,723306
tm54450,80945
tm2386,230543
ts22082,33760
tm145608,137549
ts21715,4948
tm41289,44866
tm132694,102212
ts20678,34854
tm117580,14277
tm20712,19646
tm130586,8374
ts25028,3126
ts23753,2866
ts2760,1759
ts987,3514
tm125985,1242
tm40103,1649
tm21953,651
tm152839,353
tm62924,15186
tm114356,901
tm147829,448
tm126769,6285
tm49037,1210
tm159912,8902
tm133914,1522
tm38736,494
tm258072,209
tm52815,1449
tm137013,857
tm157853,200
tm157603,5273
tm45720,154
tm55091,144
tm151332,643
tm24110,357
tm348735,92
tm51083,380
tm126791,
tm186777,
tm311264,68
tm172482,297
tm52274,149
tm132164,
tm342996,241
ts63001,6
tm411457,65
tm371359,122
tm446654,188
tm47673,1113
tm419052,70
tm11556,92224
ts20981,24368
ts22176,90196
ts21223,172
tm122434,1994599
tm106462,217534
ts20339,112586
tm57554,1346020
ts34435,112887
ts20927,61145
ts5145,3274
tm192405,298168
ts21567,119054
tm55553,267181
tm56574,209258
tm192037,288960
ts20983,64727
ts22193,9708
tm191989,300073
ts20960,21949
tm65686,103263
ts11397,3808
tm54903,118811
tm187187,149290
tm191772,141308
tm191848,361422
tm121879,59086
tm44402,180532
ts22489,13361
ts25252,20888
ts21034,15823
tm53419,118479
tm189764,57399
tm9323,183638
tm46173,181306
tm19673,270231
tm24877,167670
tm189433,75244
ts251477,
tm1822,9208
tm187791,101939
tm19494,64087
tm10739,71062
tm113576,57621
tm191387,103459
tm6859,79800
tm186589,128179
tm191374,142696
tm8446,55499
ts8570,9955
tm21596,130099
tm48430,191722
tm190835,51938
tm192199,67761
tm184205,60779
tm12499,66127
tm192431,64625
tm56033,21382
tm190486,33128
tm61103,58726
tm117488,30138
tm55732,73269
tm191431,34127
tm17721,25432
ts20939,3713
ts21693,12535
ts22286,4936
tm190811,11506
tm107659,19829
ts21581,4482
tm7135,
tm7073,3178
tm63514,4247
ts20918,2346
tm10811,4921
tm188970,3085
tm188606,678
tm128073,
ts18465,39
tm64817,5834
tm320211,589
tm189171,1564
tm67635,51640
ts22080,4185
ts22039,1703
tm41525,5943
tm7951,195
ts21684,3106
tm55100,28409
ts224786,
tm204173,320
tm191614,2825
tm8859,1678
tm424630,248
tm12876,12512
tm52083,4175
tm9898,3056
tm326102,129
tm12482,3901
tm128925,6199
tm52871,3025
ts28516,2326
tm62385,8454
tm184502,18224
tm7810,341
tm27601,7556
tm8687,
tm47530,3567
tm105716,2837
tm117873,20986
tm189773,2177
tm7032,365
tm58893,7557
tm340430,351
tm184326,3490
tm110225,2322
tm34391,161
tm21911,272
tm118438,6465
tm62176,5413
tm57169,1092
tm184224,166
tm44776,987
tm104933,115
tm203186,74
tm256669,784
tm117840,998
tm334788,198
tm110160,2528
tm192301,1212
tm110766,718
tm118256,142
tm64729,65
tm314602,248
tm25389,4168
tm42397,4230
tm210754,
tm449775,66
tm255589,
ts4,1727694
ts9,945125
ts26091,21531
ts11,197744
ts21469,293618
ts288536,9564
ts6495,189191
ts22337,141049
ts8308,252564
ts22011,15743
ts21465,428639
tm33545,280121
tm172683,439027
ts17156,297552
ts20573,147409
ts12724,121514
ts3371,297336
tm92641,2268288
tm102740,263019
tm87484,719717
ts20604,64449
tm39030,644336
tm78592,163878
ts21511,20708
ts19036,38046
tm116324,92305
ts32186,4577
ts11313,302147
tm34310,260975
ts21247,310776
tm160815,465995
tm78671,41052
tm89036,193053
tm86803,681286
tm105329,263212
ts20305,93980
tm35463,255099
tm84371,329417
tm139658,435503
tm79442,627009
tm131038,297525
ts2230,17843
tm154187,620154
tm133767,474176
tm88738,215678
ts17942,62140
tm148270,120400
tm93055,247229
tm133374,323939
tm26897,441023
tm109304,341888
ts22267,41791
tm76066,611379
tm90190,333378
tm997728,
tm29737,228799
tm84906,269043
ts6644,23523
tm142086,429097
ts22018,38281
ts30311,24224
tm95252,312538
tm136808,240433
ts21197,80138
tm195620,
tm109137,200354
tm84613,128190
tm173551,265023
tm94606,120208
tm136308,149218
tm82985,47049
tm145593,160449
tm150260,226225
ts30313,4764
tm119111,214461
tm130647,72916
tm32919,536858
tm23935,148043
tm137143,393998
tm28905,67748
tm44486,36361
tm39487,26157
tm169949,106755
ts35155,17024
tm184913,144656
tm118637,131999
tm58382,104604
tm40009,247039
ts12787,62367
tm154470,357557
tm22294,27797
tm78067,26035
tm148379,81971
tm76428,
tm21467,139797
tm46436,86492
tm57190,91584
tm37546,182612
tm30205,221095
tm159310,143670
tm89592,175210
tm167516,60693
tm79895,118815
tm88045,49599
tm111600,58516
tm143938,104166
tm31187,111694
tm141390,105938
tm74780,242733
tm150214,117986
ts21544,6500
tm176528,146847
tm102337,99192
tm36188,224896
tm88382,86395
ts31263,1104
tm47523,35711
tm24088,120188
tm137362,140741
tm177068,143998
tm82442,64062
tm90864,339626
tm101249,87673
ts687,44971
ts24028,7539
tm142564,385782
ts23752,2110
ts21706,14782
ts21740,1856
ts30356,1049
tm89684,23307
ts31514,13
ts22005,10523
tm183963,13034
tm27268,114942
tm81270,145981
tm137342,121066
ts21688,11579
ts22318,6700
tm161263,38445
ts12815,12046
tm26638,72366
tm55303,149082
tm31189,94628
tm165593,57894
ts15986,19684
ts26322,14307
tm78767,146625
ts98340,
tm36644,83129
tm77649,78119
ts33559,25
tm33113,185430
tm78189,
tm43399,111053
tm147211,131564
ts56549,2512
tm29555,30186
tm93225,82623
ts20398,4168
tm86189,89755
ts21421,93
tm104880,11973
tm101334,49599
tm135451,10210
ts20526,4417
tm186461,
ts30083,13848
tm141707,33051
tm103095,103673
ts23835,3114
tm83786,188234
ts23808,1740
ts27459,1422
ts20544,9763
tm27168,78039
ts40702,6
ts30288,1291
tm114476,53746
ts21967,8172
ts12701,5109
tm130574,40289
ts21695,1951
ts121176,330
ts1893,1222
ts20535,2499
tm160800,54633
ts38159,1469
tm22493,1780
tm164557,8536
tm112381,6948
tm71119,11138
tm134235,5382
tm86995,49090
ts17028,720
tm137530,32837
ts25765,5172
ts3666,863
ts42914,644
tm100688,13446
tm31290,
tm36475,48818
tm80059,4016
tm53999,
tm22636,12831
tm30289,3984
tm38896,7585
tm29269,32188
tm156001,1683
ts21664,2303
tm73058,42597
tm76835,51945
ts1464,755
tm48083,73
tm33981,61
tm80339,6759
ts72322,284
ts52849,912
tm165259,865
tm97544,14272
tm65142,1611
ts14102,118
tm22342,9957
tm24576,3975
tm41508,10834
ts74928,603
tm52352,263
tm170873,1936
tm176297,3507
ts74931,55
tm110923,3598
tm150521,3284
tm75022,
tm177687,4297
tm22989,3940
ts98252,96
tm156575,11747
ts20358,1827
ts44053,
ts23319,1083
tm91046,4346
tm61056,71167
tm138497,7451
tm93612,2416
tm81461,6249
tm32915,604
ts63295,1034
tm96037,3567
tm36164,4473
tm147494,3626
tm31564,2862
tm95238,3264
tm54147,14944
tm99776,907
tm30170,36836
tm37945,21963
tm25029,2630
tm59880,1789
tm34524,1189
tm83175,21799
tm65839,4849
tm89936,3813
tm22540,22505
tm34846,2151
tm32885,118092
ts44663,572
tm82765,89085
tm170169,5309
tm44749,5824
tm47325,2482
tm146887,7683
tm144345,68028
tm70222,19556
tm92977,10415
ts37200,120
tm98975,18466
tm25842,312
tm43179,17411
tm95434,2558
tm23441,19797
tm418157,
tm86051,20611
tm44634,1083
tm62369,2256
tm23077,9793
tm31335,7884
tm139349,2548
tm85243,3422
tm165809,6313
tm89764,1826
tm68191,4430
tm51493,36291
ts56589,156
ts1413,475
tm175687,778
ts98353,19
tm49405,2570
tm96168,17494
tm72587,23541
tm88366,35142
tm101684,5060
tm38454,3028
tm164389,13206
tm77863,2609
ts137477,42
tm138902,2206
ts4866,461
tm149209,17136
ts34414,203
tm147686,4333
tm82718,61797
tm39557,26738
tm22558,382
ts204466,190
tm164591,4736
tm106625,5645
ts18653,822
tm352863,
ts67595,303
tm29731,10528
tm80455,8043
tm84348,
tm144835,880
tm129971,10206
tm41953,
tm103133,11944
tm421611,
ts29199,437
tm155761,14380
tm75544,2603
tm29028,1224
tm93004,8878
tm23977,1120
tm78790,21745
tm44530,12468
tm102848,12265
tm96595,23076
tm56428,3555
tm155774,249
tm44378,4231
tm97982,5551
tm27484,5588
tm145243,30818
tm77348,11934
ts178360,228
tm111226,8309
tm237621,243
tm104349,2139
tm152724,5121
tm69694,3922
tm105278,2127
tm80487,
tm33729,9897
tm129763,20595
tm130301,17029
tm141117,15379
tm35652,6309
tm49865,11241
tm254745,54
tm134140,4203
ts82592,
tm114504,16225
tm76029,1641
tm33067,63
tm103732,44556
tm712151,13
tm98475,3140
tm34924,2191
tm101609,17555
ts98316,206
tm216753,314
tm112235,8376
tm101540,1876
tm96052,200
tm134407,30389
tm81864,686
tm346951,315
tm144263,406
ts124246,57
tm85689,1153
ts12444,90
tm87909,
tm368679,373
tm897538,
tm91323,7994
tm36636,1115
tm52176,3239
ts95855,
tm178555,4166
tm42831,2196
tm135795,739
tm254052,909
tm166293,2077
tm99450,4227
tm154375,3148
tm241875,344
tm97325,522
tm85563,274
tm95507,2968
tm308960,84
tm154802,674
tm21155,209
tm46867,1000
tm140653,708
tm160596,3210
tm76399,142
tm226362,603
tm456581,79
tm84316,10139
ts39604,40
tm168869,904
tm352243,595
tm89012,2051
ts160526,3046
ts19384,
tm130999,812
ts23353,
tm87672,83
tm27275,2693
ts23797,302
tm85369,493
tm143510,2464
tm311516,261
tm476570,51
tm148041,2718
tm152413,203
tm21956,664
ts70843,128
tm57586,1156
ts25707,
tm91125,2608
ts13411,60
ts8614,7
tm142153,302
tm100106,430
tm341561,
tm91176,108
tm145690,
ts4924,39
tm88343,1496
ts126804,27
tm28024,388
ts188031,47
tm89054,
tm481594,35
ts29581,25
tm1077037,
tm639940,46
tm404676,
tm598375,310
ts82583,
ts56595,11
tm92671,481
ts86241,
tm252951,147
tm628693,203
tm340006,15
ts8175,25562
tm170758,33734
tm166064,507878
ts20564,216209
ts278,515577
tm170442,125883
tm41792,1472668
ts21580,34362
tm50018,566791
ts20660,230243
ts21806,37778
tm60292,600392
ts27680,6844
tm164877,413541
ts21599,3874
ts33338,22420
tm166548,463276
ts32835,87857
tm32982,325132
ts17598,425716
tm161802,454917
tm158304,300074
tm72140,246008
tm37153,141289
tm160433,239367
tm39896,262998
tm178201,446531
tm59428,697481
ts20457,117464
ts20429,43727
tm176356,241111
tm176507,
ts6506,50556
ts20458,4519
tm74848,252051
ts34087,9055
tm68272,204959
tm60844,12278
tm160132,49101
ts27468,915
tm172716,114505
tm278681,156144
tm40319,129199
ts20556,28
tm173624,125098
ts9794,12363
ts20500,29196
tm62210,25793
tm167232,259696
ts34151,998
tm178395,
ts11151,12568
tm173195,96915
ts9246,12741
ts20648,
ts19779,1806
tm175346,23287
tm160371,69241
ts7708,12682
ts27586,3899
ts18551,20
ts76614,108
tm174256,111483
ts34740,4367
ts22249,8052
tm165995,85658
tm168921,89316
tm178323,83727
tm106278,50431
ts36647,8718
tm72845,6608
ts34921,1458
tm59590,7002
ts35426,37
tm174683,58296
ts27835,1462
tm182586,15889
tm39313,4308
ts45996,264
ts55532,16
tm69386,20194
tm38064,10257
ts34737,2445
ts21081,4923
tm28171,7370
tm161904,10266
tm56296,3398
tm171292,2281
tm183039,3511
tm160361,8222
tm34331,1818
tm182125,75801
tm238681,
tm72251,
tm183547,25639
tm53625,
tm53034,1194
tm174190,7051
tm164353,16473
ts81858,582
tm165712,
ts158608,31
ts215037,300
tm68436,80643
ts39093,2723
ts26776,388
tm52062,918
tm176111,1741
ts33349,125
tm31739,408
tm170395,
tm177258,29578
tm177044,5021
tm49451,567
ts191698,94
tm54780,216
tm176128,1756
tm177958,21204
tm40860,1936
ts19165,125
tm63368,376
ts58528,42
tm183037,52338
tm183176,1018
tm37175,1401
tm181856,2272
tm178106,7686
tm175909,9522
tm74031,3885
tm57610,41752
ts27875,89
ts6879,755
tm59289,22243
tm53829,145
tm47171,57449
tm65765,14898
tm70528,950
tm161804,4118
tm169128,504
ts39112,16
ts60663,
tm630933,97
tm174518,25592
tm180532,8414
tm35700,35888
tm67444,
tm57382,1333
tm172883,2316
tm164090,230
tm71992,2165
tm59372,14
tm160021,927
tm54371,1176
tm38013,4490
tm39606,4359
tm53395,2625
tm66725,1342
ts167724,76
tm48579,635
tm159593,11665
tm34746,3905
tm167241,2617
tm161632,490
tm50798,1003
tm31948,1178
tm179451,5919
tm162592,4445
tm37573,334
ts41114,9
tm30278,2433
tm33601,700
tm48239,6754
tm56734,347
tm166810,167
tm172353,2884
tm169053,3708
tm166740,5
tm34142,1049
tm168751,363
tm38331,359
ts32460,108
tm98735,
tm44615,5411
tm182026,407
ts32561,140
tm529723,16
tm60213,202
tm70652,2034
tm42306,1871
tm53360,1533
tm69915,4312
tm29400,296
ts69208,116
tm946846,
tm339197,12
tm34646,286
ts99814,677
tm200838,41
tm481620,53
tm57256,278
ts44064,114
tm172211,254
ts128422,250
tm165932,292
tm172504,129
tm224577,170
tm1077038,
tm481509,112
tm159623,309
ts39465,14
tm51412,330
tm235979,391
tm361958,138
ts37864,142
tm181366,63
ts20837,152435
ts20110,485506
ts20682,325381
ts1639,238138
ts20351,1975
tm140389,111092
ts11188,336888
tm151663,523686
ts20292,226081
ts16045,2450
tm169422,586679
tm169719,93314
tm140877,748654
tm171042,120475
ts8146,242221
tm148147,51
ts21374,146712
tm183523,75015
tm176864,465254
ts20248,47751
tm134967,327565
tm143227,154049
tm160621,491048
tm180572,167549
ts14583,143584
ts6,494092
ts20108,5245
tm148671,120389
tm182429,272334
tm153284,118117
ts20823,295591
ts20824,131574
ts21367,46286
tm151807,52233
tm145655,102103
ts20280,71229
ts35682,21747
ts20261,22563
tm161525,43149
tm175843,75139
ts34950,13372
tm181270,62183
ts20791,36059
ts20288,20132
tm168400,21368
ts2727,31976
tm237143,3634
tm176630,114013
ts32218,5340
ts20097,39590
tm178712,70814
ts314002,30341
ts20281,2915
ts20014,2115
tm187979,100637
ts35570,19259
ts32271,6958
ts4213,886
tm161282,88708
tm165521,
tm184608,49312
tm144046,
ts20917,12069
ts35282,1928
tm161029,68790
tm143474,54190
tm140342,80733
tm141648,76395
ts20336,6018
ts36836,3616
tm142856,63007
ts22426,3273
tm181081,39743
ts42168,35515
ts98110,264
tm178211,18793
tm144121,24456
ts22383,1802
tm151447,67243
ts11794,620
tm154797,28295
ts20310,4523
tm159796,42137
tm181533,49549
ts35244,1126
tm469911,
ts82979,411
tm148976,3953
tm143642,55044
ts10206,1130
ts20709,808
ts32060,9507
tm162271,11488
tm166628,41571
tm171228,17433
tm136601,54065
tm143757,7789
tm143372,7812
tm71148,28204
tm161562,13135
tm151716,24845
ts22445,10329
tm180599,17170
ts20790,15627
tm171965,3284
tm185208,1823
ts20883,2551
tm167944,9942
tm149038,7954
ts33590,2471
tm159362,21514
ts21368,5975
ts2161,800
tm172710,7873
tm157085,5482
tm174289,23917
tm187390,8949
tm171929,1518
tm147913,178012
tm170919,9535
tm180643,1444
ts34066,3924
tm152843,2652
tm177223,
tm152273,265
tm2269,1671
tm138431,11403
tm152904,2570
tm35895,1076
tm176481,53293
ts53641,104
ts37187,375
tm199408,574
ts58137,635
ts75104,660
tm144021,1305
ts521,459
ts33840,1152
tm168685,7103
tm182275,14230
ts88394,442
ts58010,300
tm182969,5635
tm148910,54001
tm143363,25344
tm139617,
ts83239,390
ts16117,1681
tm158671,533
tm165504,3255
tm148662,2105
ts154625,14
ts76743,188
tm158980,8330
tm148597,2598
ts57744,
tm145791,3433
tm155291,28370
tm156811,64805
tm150033,1696
ts75833,65
tm180802,
ts3799,2008
ts35628,22
ts20781,1883
tm151210,2226
tm149578,1950
tm182534,
tm360904,
tm186054,6898
tm235553,1057
tm147518,1299
tm183706,249
tm178513,5372
tm182322,36512
tm236725,2257
tm153055,2579
tm142630,2870
tm185797,11656
tm154729,7179
tm148457,14916
tm145627,1285
tm158302,11330
tm140334,
ts121189,327
tm186161,11059
ts34074,1803
tm209037,480
tm348393,128
tm151927,10656
ts122290,247
tm169669,789
tm175812,55489
tm181550,7127
tm228574,519
tm149914,5407
tm145216,3708
tm149747,5370
tm140911,4452
tm158692,1069
tm137379,
tm587320,21
tm160034,12757
tm158436,1967
tm172027,21882
tm146657,854
ts82860,11
tm159819,584
tm183805,5019
tm458034,
tm175954,3980
tm182227,1876
tm159094,1081
ts36127,593
tm157609,492
tm179328,3357
tm151860,13308
tm139922,1649
tm184511,2565
ts67797,30
tm157461,33714
tm178992,183
tm144541,365
tm215339,150
tm177645,22186
tm200926,130
tm181092,16302
tm183002,24319
tm144557,4315
tm205684,38
tm167107,3978
tm143299,3888
tm175753,5121
tm185736,466
tm460055,74
tm182580,1128
tm157681,443
tm197423,424
tm162259,43
tm167342,5127
tm169054,1007
tm169294,313
tm178234,172
tm132675,
tm155014,1091
tm188290,522
tm187505,205
tm155051,1548
tm183654,479
tm176900,28
tm179248,515
tm158546,4280
tm250364,31
tm157062,5018
tm144451,211
tm171891,8550
tm242276,160
tm187118,210
tm202914,445
tm159296,745
tm186408,407
tm156397,15
tm166723,362
tm155507,1165
tm159701,228
tm163066,
tm323262,47
ts20238,424
tm149541,249
tm181051,234
tm146144,2310
tm681614,74
tm147908,260
tm150962,354
tm1194608,
tm577690,19
tm136036,1050
tm177224,3838
tm1036195,
tm142852,1079
tm180738,374
ts271005,
ts32752,54
tm188108,95
tm147405,873
ts144527,
tm157286,874
tm250247,13
tm157783,118
ts107543,17
tm177376,
tm145658,195
tm610571,10
tm528044,9
tm176553,54
tm175364,33
tm529733,6
tm138280,458
ts261583,11
tm175577,108
tm481846,23
tm528043,14
ts8,404920
ts36577,126473
ts38796,989090
ts21867,112537
ts37143,4622
ts35251,48435
ts41766,148562
ts36885,70087
ts37539,148386
ts37490,24142
ts41961,28537
ts42069,190878
ts37866,13331
tm232579,125720
tm243100,224900
ts38304,2706
ts36952,6445
tm150928,233165
ts35793,3538
ts39007,21852
ts35201,9651
ts36147,308291
ts36550,101178
tm242705,72460
tm120108,152791
tm206698,6
ts38199,49557
tm239727,264884
tm199607,151679
ts53051,100911
ts47714,16970
ts21869,151518
tm204163,208185
tm135307,58192
ts42170,18546
ts70529,18040
tm138905,570138
tm137693,143899
ts18010,50028
ts38718,14071
tm136465,31385
ts42120,54566
tm195209,175273
ts36631,404486
ts42062,10102
ts41956,88019
ts52922,5761
ts36015,45628
ts21981,66488
ts38710,22256
tm120609,132821
ts35253,41867
ts35554,40082
ts38090,16273
tm233377,120488
ts42014,2616
tm193769,166288
ts35563,121939
ts36129,19738
tm233425,75132
ts42077,18575
ts42687,1214
ts38734,30373
tm143984,155997
tm212927,55118
ts53099,10371
ts53664,25239
tm143085,247192
tm209987,14977
ts42022,3799
ts38415,20706
tm137002,117333
ts43209,1583
tm239676,123667
ts42169,42699
ts41289,5468
tm138297,260693
ts38511,41362
tm245271,14501
tm134791,73854
ts21986,10392
ts41149,37890
ts52829,8343
tm135106,18452
ts35775,23674
ts41975,35547
tm196125,20377
ts41490,7577
ts36177,17240
ts37464,8839
tm196296,86614
ts37971,72341
ts21885,70242
tm233214,27125
ts38783,7831
tm219233,34139
ts36983,27148
ts41963,13569
ts52838,25077
ts38204,93456
tm199700,180805
tm200126,19936
tm132273,100705
ts36046,3174
ts36545,60305
tm139532,45243
ts36856,36050
tm219248,70542
tm220594,17710
ts35362,21388
tm239743,55806
tm138614,32547
tm205890,42763
tm139841,53733
tm233521,11243
ts35354,24479
tm244788,34914
tm208622,89912
ts38758,6121
tm204035,58407
ts41913,13625
tm134516,19275
ts42655,5693
ts3844,12112
ts53287,7539
tm136321,5378
tm233465,23588
ts42156,3205
tm136257,80129
ts41906,6649
ts38116,1623
tm140843,98127
tm238722,99053
ts35256,15176
ts53249,16509
tm239683,6496
tm147082,13703
ts42043,2586
tm206512,52925
tm200690,42148
tm155102,14882
tm205812,38308
ts35577,1911
tm235405,7665
tm245378,7116
ts52830,36359
tm225308,8512
tm230551,54128
ts38731,3658
ts42127,2648
tm138672,6029
ts41948,5772
ts38809,22304
tm253083,17033
tm316731,1513
tm244403,38463
ts79799,6161
tm139194,10764
tm245671,180247
tm235227,
tm233317,7985
tm239733,14608
ts38568,11264
ts37944,3461
ts42137,8706
ts35987,1048
tm123789,3542
ts53155,4985
ts38770,3655
ts42038,5101
tm244381,21929
tm233533,10646
ts42119,5158
ts76079,579
tm166321,22147
tm214825,47935
tm238661,23669
tm142881,7804
tm243121,7381
tm270504,12474
tm239707,45146
tm242736,14356
tm267948,4872
ts41995,2125
ts76956,3253
ts54028,2688
tm208903,4349
tm136061,41529
tm201222,4065
tm215638,
tm205437,1938
ts78325,2354
tm247642,23969
tm219276,20111
tm135543,20541
tm233544,10742
ts11670,1696
ts42090,6789
ts86021,346
ts42257,6338
ts35406,9059
ts128895,4109
tm245724,3994
tm138792,7073
tm244880,14491
ts37660,6557
ts119087,95
ts41258,3663
tm308241,896
ts81483,127
tm221225,20005
ts37896,367
ts52943,1075
ts21979,3635
tm205870,16180
tm244052,1063
ts36547,5514
ts84398,6461
ts77654,82
tm232953,8644
tm240007,
tm233493,8972
ts39014,1265
tm140436,11963
ts38764,5083
ts54110,891
ts54156,1723
tm213681,6501
tm228242,15428
ts38230,2784
ts51368,730
tm209950,9458
tm205935,11180
tm244134,5460
tm271070,5057
tm267135,1438
tm233616,843
tm211510,12918
tm157283,4120
tm219173,7860
tm244507,11495
tm218052,79075
tm214085,2649
tm229542,8471
tm335263,
ts66540,880
tm253080,3972
tm241314,15656
ts75829,170
ts56674,433
tm282915,865
ts35360,614
tm246870,7005
ts35359,234
tm266844,22466
ts37779,579
tm238748,15848
tm193125,17447
ts42089,7183
ts42075,1152
ts43272,1624
tm300713,563
ts41883,5615
ts36630,458
ts41260,2127
ts39017,712
tm229140,
ts38757,325
tm290444,7304
tm200454,5722
ts35596,2114
ts144323,12
tm275800,3844
ts42218,546
ts38512,43
tm233561,1364
tm232950,2325
tm139870,2610
tm266628,
ts41294,632
tm267429,645
ts43501,1031
ts42628,835
ts36740,985
tm233344,25792
ts53076,303
ts53106,1544
ts41253,2322
tm244915,8826
ts38717,3088
tm239947,3402
tm236999,4140
ts58068,2747
tm218186,38
tm242755,3034
ts38805,522
tm193388,3893
tm323616,
tm242002,614
ts52988,724
tm220317,2163
tm201365,12886
ts38761,1769
tm244638,5156
tm232954,6586
ts56748,2012
tm225275,3332
tm227922,686
ts43230,645
ts56032,642
tm272413,990
ts55559,870
tm244513,9739
tm234136,1093
ts75324,575
tm239762,4335
tm132524,5495
tm245297,2173
ts54100,715
tm224377,2089
tm217939,2279
tm193211,12395
ts31593,88
tm234292,224
ts74917,433
ts35463,1041
tm281182,2519
tm242422,4256
tm245148,5393
tm272854,5501
tm350159,21
tm224275,676
tm195764,12441
tm211478,26790
tm195870,2965
tm246056,899
ts55966,49
tm240895,1499
tm246579,710
tm243849,
tm211461,2722
ts86831,370
tm239290,372
ts74753,1905
tm233157,2100
tm230524,18
tm238829,
ts53065,564
ts54010,261
tm242687,7701
tm246175,5976
ts38772,355
ts83224,890
ts53149,287
tm240162,29819
ts57705,64
tm242646,3209
tm225675,713
tm233023,3508
tm197503,6199
ts74929,182
tm220473,465
tm225693,3357
ts54022,979
ts43258,1295
ts55365,71
tm199987,
ts42011,166
tm241998,11595
tm421855,48
tm231314,605
ts55223,344
ts41154,3087
tm227029,7900
ts41899,423
ts82327,95
tm244559,1785
tm245102,1820
ts35505,493
tm201906,4478
tm248010,68
tm239774,6981
tm252245,
ts56221,77
tm245235,6925
ts38812,299
tm232832,1408
tm227042,21487
tm243931,934
tm233843,14968
ts43341,7
ts82582,16
tm215054,1936
tm247644,356
ts38769,2051
ts42155,603
tm526163,
tm239739,14380
ts52981,1665
ts87465,319
ts52825,767
ts107658,12
ts42260,2471
ts43119,2801
tm311494,1308
tm221883,4570
tm233196,973
ts127430,167
tm376111,297
tm246543,1336
tm227523,259
tm321189,566
tm219699,9145
tm270555,3243
tm316567,277
tm321785,1212
tm283938,1700
tm228839,19834
tm272012,221
tm219817,34659
tm230426,940
tm239769,1358
tm208628,17149
tm66466,18681
tm228657,
tm245155,1981
tm232930,4341
tm245722,1503
tm245911,3281
tm244079,299
tm266629,1882
ts52950,98
tm215911,825
tm232855,328
tm257629,382
tm234773,1158
tm208713,24676
tm218683,78
tm234466,230
ts78442,583
tm340927,157
tm311456,2667
tm238717,1681
ts42347,349
tm233015,4787
tm211273,1506
tm230927,1824
tm273933,503
tm245293,1649
tm270982,1692
ts51367,2285
tm274053,737
tm137557,758
tm315345,525
tm207668,6258
tm193378,2572
ts21876,185
tm275726,232
tm307997,775
ts55556,314
tm149212,674
tm239933,644
tm327551,279
tm233366,12816
ts75897,254
tm263743,738
tm494288,
tm247631,2374
tm271974,353
tm246485,3310
ts42432,25
tm267017,983
tm244842,498
tm247444,328
ts91990,45
tm227044,5612
ts81898,122
ts38813,47
tm138584,1910
ts42371,312
tm224255,1395
tm267419,4447
tm155382,699
tm239764,1647
tm240733,6167
tm266622,2865
tm244758,928
tm232931,1517
ts83454,
tm217986,1273
tm451222,307
tm233648,1036
tm247767,1248
ts53346,501
tm375681,697
tm452046,
tm238486,864
ts224440,
tm232267,274
tm203056,5031
tm272484,2586
ts81027,57
ts86089,56
tm198496,3247
ts41151,798
tm201855,3137
tm215265,
tm240728,1971
tm233463,297
tm290157,75
ts83450,218
ts53017,74
ts54117,58
tm271839,1483
tm232710,47
tm234703,275
tm134052,1463
tm234069,10261
ts53543,210
ts82475,14
tm278279,543
tm212968,855
ts41485,4269
tm211571,3170
tm230478,688
tm244923,3620
tm350374,239
tm233570,294
tm554110,121
tm533845,39
ts84542,21
tm242906,30
ts253685,
ts36634,138
tm236705,113
tm232947,1884
tm233121,3524
tm245791,1511
tm244577,998
tm409220,62
tm549892,382
ts285233,
tm239635,
tm319354,
ts87884,32
tm257141,681
tm244635,273
tm456667,74
tm198842,1891
tm211424,2237
tm421214,
tm286268,117
tm313374,
tm244380,749
tm540757,88
tm267112,294
tm245042,1479
tm198786,828
tm226320,8920
tm424879,177
ts36741,195
tm214589,303
ts35963,28
tm279828,371
tm571645,76
tm247159,98
tm295349,67
tm205333,272
tm231911,491
tm139590,368
tm283909,204
tm407961,50
tm207734,1535
tm247396,32
tm811691,
tm242745,
tm225416,160
tm282988,67
tm246810,282
ts249161,143
tm252609,220
ts248736,100
tm528287,12
tm562821,59
tm244041,30
tm272666,188
tm219739,256
tm860487,
tm1063792,
ts53513,106
tm232090,473
tm317850,23
tm235005,183
tm296203,874
ts83535,57
tm350727,250
tm245050,121
tm212909,502
ts38703,103
ts83449,325
ts56544,
tm271333,267
tm421382,33
tm368725,365
tm350044,
tm234735,399
tm239078,157
ts53864,278223
ts77795,28718
ts56683,117055
tm239091,539864
ts55668,354443
tm310953,75653
tm232797,619645
tm244259,240408
tm315344,165817
ts53023,139154
ts81064,28877
ts42405,261429
tm318206,107701
ts83970,9704
tm315174,128600
ts81294,50145
ts78305,73062
ts78801,163858
ts79813,225949
ts77398,96868
ts56768,450797
tm344989,277165
ts57120,49867
tm287684,92788
ts81884,114446
ts75151,27
ts54102,162018
ts75097,74877
ts84785,20817
tm244220,193208
ts42477,23256
ts81208,16091
ts58433,226817
ts57850,37747
ts53663,14892
tm244364,28196
ts79229,29298
ts77955,4420
ts75879,74660
tm420745,51513
ts57465,21136
tm232500,149604
ts54054,13238
ts55982,51001
tm350379,30444
tm363103,2176
ts58133,57459
tm425889,141528
tm244174,116305
ts53545,64467
tm350,30785
ts84328,1914
ts53198,15669
ts76243,177868
ts58367,41822
ts55720,44751
ts77852,798
ts78430,17304
tm210043,83961
ts56261,61114
tm226948,35406
ts82849,38232
ts74809,19809
ts56969,81643
ts58155,31577
tm288499,153508
ts76458,8762
tm299741,23327
ts39015,59239
tm244191,21
ts74816,29972
ts52821,6043
ts77563,3605
ts80856,90327
tm272060,120311
tm233482,112487
tm271951,51038
tm311815,48672
tm371380,17226
ts76869,19940
ts82526,80902
tm310899,10234
ts72247,58639
tm266666,104894
tm435086,11118
ts82189,5706
tm267401,170351
tm239286,102759
tm273294,55549
ts74823,8502
tm414285,18165
tm244192,129883
ts77197,15323
tm419595,9862
tm346943,16482
ts76865,18575
tm371900,27622
ts312241,870
ts121489,1841
tm270895,21632
ts55781,10705
ts87369,2732
tm374132,325194
ts78080,18023
tm244175,42808
ts58307,9593
ts55645,4600
tm319818,69834
ts78558,18147
tm313683,40254
ts79926,3545
ts56648,14
tm244332,21843
tm315340,25500
ts42294,282373
ts84010,4772
tm414887,28933
ts80035,13103
tm420348,31042
ts57055,24646
tm244206,47971
tm434202,13290
tm280828,86953
tm366567,48215
tm310706,51781
tm410435,101175
ts56480,13677
tm307283,42722
ts82597,21635
ts55962,24863
tm244229,34009
ts75164,110
ts78452,6421
ts75263,4181
ts85568,8536
tm357589,44917
tm317542,60982
ts80705,27516
tm321703,31620
tm300615,47676
tm244233,27052
ts81344,8831
tm349803,25593
ts82228,2206
ts81331,14935
ts55798,7645
ts78356,616
ts86169,5883
tm227940,24733
tm243326,42608
ts84280,10400
tm244197,37340
tm368449,19023
tm211554,21540
tm363248,15750
tm362881,14983
tm232673,30499
ts77957,9099
ts84904,7727
ts83999,10162
ts57303,20242
tm411311,14081
tm299677,36500
ts58025,642
ts82302,27275
tm449070,123377
ts85895,8711
ts56511,13855
ts57822,7173
tm363488,14037
tm221953,91560
tm435916,41508
tm233362,33579
ts79546,3144
tm362098,15683
tm346467,19951
tm433381,52657
tm412550,49880
tm315424,5457
ts84533,350
tm499724,74
ts83455,5225
ts75772,5388
tm414220,14492
ts77518,2030
ts79234,3595
tm139545,25223
ts77824,5194
tm314477,5686
tm420274,12035
tm434008,3190
ts80720,297
ts57439,8111
tm317566,24468
tm417496,33206
tm367065,5020
tm426274,4348
tm433228,12124
tm244325,34788
ts75157,812
tm316414,16610
tm311921,11167
tm370212,54750
ts58152,4292
ts84779,3150
tm410742,17716
tm281935,49478
tm323634,11785
tm139885,7104
ts56038,2753
tm349278,9154
ts84574,2419
ts56481,6810
ts82560,7158
tm348993,33246
ts55231,5306
tm285107,35458
ts88783,220
tm414962,4209
ts57814,8547
ts113109,198
ts85138,1269
ts57424,10137
tm240076,10490
ts82281,25
tm217228,83519
ts77474,6855
tm244307,183841
tm298846,7496
tm412623,81639
tm298339,13708
ts57964,694
tm245176,22854
ts78298,5481
ts83251,3316
ts55194,7233
ts84335,4173
tm351101,11561
tm299504,3986
tm321224,29773
tm359978,29804
tm306301,7534
ts57947,2311
ts53936,17727
ts83763,4790
tm298084,27003
tm244148,60870
tm436470,4277
ts82892,3937
tm219259,13476
ts79422,4682
ts80523,6005
ts83561,3087
tm375912,18523
tm356742,2725
tm244317,47025
ts78382,15642
ts86296,7943
ts41527,16133
tm292837,25934
tm414709,15038
ts78507,4687
tm321295,1933
tm233294,45972
tm328443,5073
tm324155,18618
tm289181,16459
ts89538,3274
tm370436,6008
tm351216,2596
tm318200,950
ts57464,3855
ts228255,36
ts58175,4624
ts77525,5545
ts58225,1225
ts84243,10990
ts78231,7651
ts56594,9980
tm370232,4181
ts57080,993
tm439484,7387
tm271960,29565
tm349800,19140
tm352588,30611
tm219258,21164
ts57082,10981
ts53101,1949
ts81885,5620
tm411415,1285
tm406881,1065
ts77783,893
ts79020,4241
tm307910,28911
ts77799,3675
tm368241,3909
ts75749,4168
tm321596,3172
ts86945,163
ts84056,4555
ts89069,106
ts76417,10161
ts86814,3045
ts85968,1129
ts85837,2835
ts76313,1729
ts75355,14346
tm308090,1208
tm271959,3320
tm411507,7696
tm245937,9108
ts83745,3473
tm423373,88359
ts76486,1872
ts82372,879
ts79045,3505
ts81757,7722
tm409766,13098
tm322243,14098
ts55491,5746
ts77600,616
tm406111,7344
tm300054,7586
tm357479,11841
tm232965,4908
ts80411,1572
tm431347,1281
tm285356,17871
tm368040,30698
ts78217,442
ts78299,270
ts75002,3999
tm285340,4197
tm1883,3352
ts76753,4535
tm324870,6873
tm284015,3826
tm326624,2904
tm300184,22594
tm411958,17194
tm270999,2233
ts77755,862
tm307612,3849
tm320255,20430
ts56201,750
ts88234,2664
tm425138,4158
tm241990,7968
ts53960,391
tm353742,9954
ts81414,3921
ts77014,7426
ts56993,1873
tm429163,10466
ts81542,4198
ts83232,4312
tm311789,6540
ts82268,6
ts87043,100
tm359103,942
ts86164,657
ts9075,1895
tm315584,8451
ts83790,1889
ts57811,2259
tm407827,14046
tm348003,11971
ts85686,450
ts83360,1537
tm266652,11406
ts95569,187
tm285295,13360
tm317110,5519
tm324124,3106
ts78590,36077
ts77520,509
tm244519,8112
tm260272,21009
tm347530,12825
ts85170,5363
ts90594,525
tm312577,19493
ts83502,1625
tm344886,14013
ts85034,7222
tm365122,4544
ts83537,1608
tm320670,3634
ts79157,4803
ts81918,1508
tm367250,9273
ts56718,17992
ts80959,85088
ts53693,2375
ts75477,5340
ts131579,2533
tm425732,7566
ts85175,3979
ts83071,1119
ts77545,1643
ts83540,17779
ts236347,1131
tm416105,2556
ts78206,2038
ts84135,2641
ts79026,5784
tm285171,7904
ts56045,3274
tm311995,7005
ts87194,1482
ts68146,811
ts76603,3596
ts84930,5212
ts78246,3874
tm298779,2189
ts81526,3105
ts81583,688
tm319882,6254
tm420656,7248
tm420334,21202
tm368538,6047
ts55581,2501
tm357820,33769
tm244521,6251
ts56933,4308
ts84645,1687
tm419733,2289
tm315850,5566
tm324820,4263
ts74962,439
tm296398,5434
ts79997,5654
tm438502,1593
ts75676,1376
tm365824,27208
tm436844,71182
tm359150,14876
ts58297,3078
ts55939,15
ts86994,1394
tm351931,150
tm285649,25582
ts53264,1537
ts309731,111
tm306811,5384
ts85822,2176
ts80617,34396
tm372318,4246
tm351214,7734
tm347821,4611
ts81821,1202
ts82705,663
tm429208,16964
tm327199,6555
tm352774,5922
ts321277,3387
ts84646,1966
tm313974,7333
ts56033,985
ts85515,199
ts70631,1524
tm305437,3139
tm369179,9442
ts78291,12453
ts57985,2062
tm307515,4397
tm412273,1327
tm219252,11311
ts80600,4556
ts55232,217
ts79182,3696
tm290831,5509
ts85967,1145
tm434917,5598
tm445735,2178
ts78031,1573
ts56670,2168
ts86682,531
ts75286,5967
ts82218,1952
tm245383,736
tm349529,4715
tm374454,2105
tm407714,14146
tm374313,2427
ts55978,2053
ts82770,
ts75341,592
ts83906,10024
tm244368,12740
tm266702,7383
ts82565,443
tm323195,3711
ts78789,1531
ts92825,244
tm322569,7120
ts56125,3052
ts89130,2283
ts79660,1826
tm406831,2646
ts39016,17525
ts80519,372
tm408941,1160
ts75981,1541
tm305112,2435
ts81318,3123
tm363231,4824
ts79219,3633
tm427465,4488
tm445899,4082
tm139564,4426
tm263427,15541
tm313487,314
ts79409,1189
ts53399,2214
tm443993,3064
ts90596,119
tm437608,5096
ts77787,815
tm336712,1594
tm307950,2465
tm236659,1436
tm327540,3410
ts82127,1883
ts78353,596
ts103638,390
ts77034,1386
ts86949,2787
tm293867,3228
tm266685,16603
tm839847,
tm370392,21481
tm285298,19366
ts76511,665
tm404475,2671
ts55348,895
ts80208,658
tm448122,5293
tm299761,18484
tm440415,738
tm362074,3020
tm358666,4255
ts82559,797
tm233485,3467
ts80466,551
tm266705,4153
ts80090,883
ts80313,1759
ts90994,155
tm427293,2747
tm327053,2642
tm405849,7206
tm326723,10428
ts84346,351
tm238377,3909
tm366820,2287
ts84833,2521
tm313988,2881
ts84932,1685
tm312767,300
tm320817,32573
ts81734,127
tm370628,1276
tm405738,4684
tm371952,18453
ts77405,29
ts79679,1605
tm417440,303
tm327622,3524
tm430104,984
tm443186,3333
ts78053,966
ts80057,427
ts111582,7
tm313293,1337
tm349138,6482
tm376801,2512
tm424032,5934
tm358242,679
ts80413,898
tm409618,17305
tm244274,2519
ts85659,5927
tm376840,
tm372891,6816
ts82298,937
ts54050,2359
tm443034,4708
tm318641,1208
ts57196,3380
tm314829,322
tm366973,3695
tm295177,2284
tm420797,38319
ts77770,772
tm406098,4139
tm374845,4649
tm359714,11693
tm314705,1322
tm325102,
ts78913,1208
ts55936,3108
tm413557,1803
ts81944,457
tm363787,1414
tm371630,1076
ts84597,806
tm355724,19456
ts76478,3060
ts78767,2061
tm356563,1330
tm420989,11281
ts85732,3989
tm348010,2655
tm357552,4674
tm300027,2504
ts82875,1402
tm414676,674
tm437631,1786
tm408890,2065
tm426569,9816
tm404690,4219
tm320249,945
ts80059,4003
ts83814,214
tm286532,984
ts36650,293
ts57300,4056
ts56636,561
ts84780,1898
tm375729,4026
ts75012,1794
ts82296,3774
ts57148,3736
tm311319,3210
ts83359,1938
tm270490,743
tm358949,1622
tm408104,2328
ts79330,1073
tm428073,3619
ts85202,415
tm429377,2307
ts81036,604
tm330869,4653
tm350607,440
tm417317,8587
ts83457,98
tm407295,4303
ts82181,815
tm282910,3147
ts53516,270
tm429984,848
ts112279,306
tm419496,10725
tm344173,1564
ts82375,
ts95274,852
tm362180,
tm294581,7425
tm313120,5143
ts118696,87
ts82398,478
tm477838,117
ts116101,15
ts82867,389
ts83554,986
ts58442,1224
tm374216,5048
tm232464,43835
tm367473,5407
tm361743,
tm413049,4367
ts80030,1324
tm311193,602
tm307761,20675
ts84977,688
tm371959,4087
tm320206,6283
ts82424,322
tm408306,2360
tm422715,32814
tm301024,1610
ts83247,1095
ts80410,791
ts79856,907
ts76509,1883
ts90880,283
tm418870,2607
tm340366,
tm370447,2934
tm425884,4953
tm429382,9139
tm322210,2846
tm313748,4465
ts80084,494
ts86279,1086
tm244300,3647
ts77467,952
tm366143,2831
tm432838,292
tm463806,3287
tm313712,10320
ts80042,1189
tm244287,7090
ts75718,3359
ts75620,3665
tm299764,5713
tm407775,3306
tm334949,311
tm409942,2195
tm238587,3460
tm410748,2067
tm413955,6093
tm376015,444
tm346334,2271
tm434727,827
tm409817,6893
tm307776,24046
tm372917,2240
tm426202,1697
tm367008,940
tm270987,2778
tm328175,2893
tm359713,8519
tm366019,1874
tm353046,2367
ts76159,411
tm321627,4959
tm311283,9753
tm368441,922
tm244292,457
ts76793,1770
ts85236,
tm368310,1711
tm411358,17034
tm300056,1603
tm344336,3718
tm372054,2627
tm405901,2934
ts55627,2641
tm350887,
ts89067,547
ts78145,1305
ts83407,710
ts85953,26
ts84799,1994
ts83213,1477
tm415875,1144
tm375302,3637
ts57291,10
tm372305,2242
tm515157,14184
tm376234,6278
tm441198,27650
tm366590,52227
tm418039,551
tm371212,3012
tm366972,3103
tm411288,383
tm244321,2284
tm358746,376
tm340587,12095
tm359975,2957
tm852185,
tm444469,2297
ts85810,1201
ts85276,1104
tm374357,537
tm321073,10517
tm352033,525
ts85126,666
ts85217,292
tm421776,3730
tm314295,4092
ts89372,19
ts83489,140
tm327708,23011
ts79988,375
ts78692,11
tm233484,3686
tm440678,4252
ts84782,416
tm242108,1971
ts82419,622
ts95011,112
tm348568,5643
tm320727,2868
ts80342,410
tm365961,522
tm299783,2726
tm427143,3124
ts80479,1246
tm375962,23016
ts74765,900
ts90869,153
tm299381,943
tm320489,4483
ts58480,
tm138667,1605
tm280060,4460
tm363922,1974
tm349273,2450
ts94470,
ts92726,292
tm347850,5122
ts224746,
tm410298,160
tm368729,282
tm441060,1463
tm434676,4300
tm346939,386
tm244196,4690
tm438995,10658
ts83070,517
ts85618,471
tm354644,479
tm440996,3970
tm242765,1545
tm348073,234
tm307751,20501
tm273600,2445
ts81596,295
tm464542,8051
tm445456,2411
tm481188,306
tm309903,1687
tm424888,634
tm317491,10230
tm355666,3157
ts74959,673
tm331117,2550
tm409494,4874
tm348392,1865
tm375007,2196
tm411467,91
tm416620,2854
ts81485,116
ts82445,1875
tm357272,448
ts78099,559
tm446987,1193
tm307551,2165
tm349752,
ts85183,448
ts84484,1590
tm359658,1373
tm311898,7948
tm421748,2817
tm429174,3819
ts83045,1100
tm361770,995
tm375547,642
ts78707,2378
ts76245,1073
tm279585,1887
tm307774,10092
tm411503,4950
tm363329,5913
tm326704,23771
tm359030,1010
tm327652,3173
tm321628,3421
tm348175,1274
tm416458,497
tm352865,164
ts79086,238
tm437159,1381
tm446206,
tm324278,2126
tm348845,1916
tm353627,941
ts84200,297
ts82500,93
tm439854,5270
tm299396,1850
tm300447,7123
ts82192,513
tm306631,5121
tm440255,4942
tm414595,
tm353247,8203
tm426983,1293
ts82323,380
tm355941,96
tm411313,1573
tm372610,1031
ts55533,446
ts76949,
tm307843,5901
tm365670,515
ts82843,2391
tm376903,965
tm358609,2699
ts75887,206
tm376421,396
tm233360,3492
tm319310,3064
tm283559,3690
tm447328,768
tm233345,1057
tm283322,2828
tm358813,1321
ts90941,20
tm429186,496
tm371619,1712
tm287041,1445
tm424162,749
tm538868,123
tm423761,4033
tm324041,
tm409456,4222
tm372662,3019
tm428597,124
tm476960,210
tm372486,1416
tm370440,711
tm324204,728
tm348467,763
tm324806,903
tm373873,332
tm414447,6143
tm324588,821
tm413418,479
tm348919,172
tm445255,3037
tm367264,1302
tm423950,2282
tm351720,1076
tm324042,
tm350116,475
tm835357,
tm447750,
tm314939,309
tm418894,302
tm279017,2102
tm558730,395
tm344995,642
tm426117,9159
ts84644,168
ts83925,350
tm372969,8187
ts83820,95
tm300440,2592
ts55484,647
ts81856,168
ts76771,307
tm299730,3575
ts84179,760
ts79585,94
tm351201,23297
tm408871,1073
ts222363,
ts75750,666
ts76540,82
tm362264,20
tm412489,388
tm361588,434
tm307767,4783
tm314272,737
tm364206,245
tm413082,714
ts84555,144
tm446424,1627
tm327219,
tm424898,549
tm316658,659
ts86067,629
tm349656,694
tm372061,4159
tm416121,651
tm350971,522
tm445153,4304
tm995893,
ts82085,271
tm438994,9985
tm428453,1615
tm360618,
ts229123,91
ts83204,563
tm363003,1338
ts83429,161
ts83663,159
ts75491,368
ts82564,77
tm295558,251
tm440946,4544
ts83430,456
tm463827,1652
tm414746,212
tm432327,6562
tm356684,
tm275437,2638
ts80859,219
tm492277,111
tm431928,1815
tm407318,237
tm408892,498
ts75357,163
tm320785,989
tm1068348,11
tm430426,437
tm362121,2762
tm320144,92
ts84330,
ts79707,632
tm318492,4632
tm434883,1100
ts93947,148
tm374226,1028
tm337040,840
tm446574,2142
ts82631,92
tm323907,
tm316923,511
tm348386,286
ts81827,
tm315865,688
tm285329,3130
tm363181,25
tm325433,973
tm326773,3484
ts83025,198
tm407730,496
tm370430,1502
ts84167,49
tm309115,6712
tm436266,256
tm428483,290
tm416341,636
tm411257,1448
tm451171,126
tm435487,894
tm327951,534
tm417111,1972
ts81886,708
tm425748,337
tm430057,162
tm353875,523
tm313472,1690
tm430496,606
ts77219,108
tm444043,994
tm374656,
ts82550,73
tm317274,889
ts80445,515
tm366025,133
tm321149,72
tm299771,396
tm369433,4967
tm313424,25269
tm352705,2094
tm328052,614
ts75320,314
tm351171,6656
tm326270,526
tm851055,
tm429567,
tm336227,552
ts57913,626
tm285712,1281
tm415245,634
tm322200,3574
tm407349,5
tm430090,719
tm360945,5103
tm299790,845
ts82887,102
tm361505,1103
tm345767,6331
tm294696,3973
tm363088,1587
tm319512,1750
tm432313,1073
tm413129,799
tm316744,830
tm412515,385
tm443283,94
tm420311,604
tm449860,404
ts77011,244
tm314677,101
tm434179,677
tm415938,135
tm351688,1096
tm444257,
tm444907,
tm275004,4126
tm421335,3984
tm819641,7
tm326089,3906
tm431760,2964
tm461349,333
tm435144,
tm444564,112
tm409376,1179
tm436171,723
tm430748,809
tm443073,
ts81632,137
ts83710,421
tm356666,1436
ts265844,7
ts78757,
tm422359,603
tm431275,593
tm352951,234
tm362047,840
tm323300,1531
tm357708,616
tm444821,767
tm351505,35
tm408257,108
ts272185,32
ts53166,328
tm435333,55
tm411856,837
tm358188,101
tm684591,9
ts57281,559
tm345225,2191
tm443537,1071
tm311902,1324
tm364417,
tm368350,251
tm434126,214
tm361312,156
ts317239,
ts87591,155
tm431081,1444
tm420800,1726
ts80692,210
ts113031,116
ts75138,261
tm373134,1282
tm348191,531
tm375091,1390
ts55576,489
tm307383,219
tm469399,684
tm347060,1541
ts76646,116
ts81857,816
tm430660,1654
tm430059,2695
ts101883,80
tm324753,76
tm314138,245
tm327619,330
tm244473,665
ts84985,92
tm371622,360
tm464947,269
tm442354,65
tm439678,68
tm446558,4384
tm366383,2554
tm414340,732
tm197806,605
tm361161,149
ts86302,129
tm431169,465
tm344562,227
tm363878,4671
ts84038,426
tm426238,594
ts74805,233
tm518107,55
ts255677,
tm404449,204
tm323602,362
tm438250,493
tm351181,2113
ts82591,
tm374395,258
tm360763,603
tm423802,1516
tm442805,3217
tm345960,68
tm319127,1697
tm430666,677
tm431214,94
tm369315,1004
tm408781,3569
tm361633,208
tm327636,498
ts119220,86
tm349418,276
ts85250,91
tm153164,1032
tm428982,
ts56251,320
tm447263,
tm346398,921
ts106612,
tm305227,98
tm446104,212
tm459024,211
tm373864,121
tm306680,129
tm286520,2381
tm447261,5633
tm307698,572
tm244277,1725
tm376844,280
tm814861,274
tm352642,
tm346390,151
tm313118,3216
tm423315,126
tm417488,987
tm1073482,
tm353791,456
tm444576,248
tm434776,799
tm445258,180
ts55735,
ts82160,249
tm364769,397
tm1118527,
tm411508,83
tm319477,601
tm433215,267
tm456983,362
tm320756,1202
tm466084,43
tm430459,48
tm413266,207
tm404569,121
tm325610,1720
tm321563,
tm1063790,11
tm358239,427
tm354136,73
ts54112,106
tm411649,48
tm350945,920
tm244310,1810
tm370781,82
tm376709,71
tm368284,42
tm328041,1863
tm375836,144
tm404610,
tm358370,933
tm367105,69
tm289882,781
tm370472,232
tm369453,80
tm426367,39
tm438005,149
tm416134,57
tm448690,
ts97584,24
tm369210,104
tm371741,216
tm478147,24
tm840936,77
tm349134,33
tm459527,1796
tm440324,53
tm450512,521
tm403197,1249
tm429383,
tm458074,20
tm440208,8
tm336084,307
tm450769,316
tm362737,
tm480647,128
tm479734,43
tm478654,414
tm369079,366
tm420789,278
tm368448,86
tm349140,
tm411528,194
tm348281,887
tm423593,765
tm438105,42
tm471288,63
ts80751,1862
tm346867,417
tm312738,275
tm404828,53
ts57116,289
tm242887,64
tm494577,
tm444799,1428
tm479933,35
ts80993,17
tm371188,695
tm367613,234
tm369452,105
ts81828,
tm430281,320
tm445852,109
tm512751,34
tm447915,
tm368697,178
tm452767,159
ts236619,
ts85660,134
ts119730,38
ts268283,
ts104093,
ts86360,
tm368006,172
ts58061,16
tm834886,17
tm309251,144
ts80671,148
tm320949,50
tm438423,94
tm325650,364
tm428877,854
tm478967,717
tm364525,
tm1073433,
tm369456,56
tm447514,1238
tm476959,695
ts84372,204
tm422510,
tm362878,3294
tm449262,904
tm407881,132
tm1073233,
tm426994,3759
tm421161,770
tm246330,285
tm858471,36
tm465864,91
tm493814,69
tm491499,35
tm481189,52
tm433087,40
ts84341,30
tm332572,491
tm421125,1608
ts250172,8
ts231159,9
tm332500,229
tm436704,27
tm441915,95
tm460198,30
tm327926,59
tm458186,1017
tm478701,146
ts78444,48
tm426260,415
tm1146751,23
tm463592,
ts86497,88945
tm441050,314049
ts216679,122036
ts87466,88265
ts82915,251168
ts81007,124972
ts88361,131937
ts76645,202522
ts57327,465949
tm681578,29201
tm366227,261956
ts87453,61739
ts88613,36661
tm832345,80198
ts89259,406350
ts89339,5482
ts82914,73110
ts90234,11411
ts81120,108321
ts224901,46564
ts84146,84302
ts221904,95658
ts82361,2025
ts254656,7423
ts89840,34797
ts235655,43404
ts87953,72031
tm414584,95013
ts223986,6380
tm427335,34111
tm417392,119020
ts252505,2151
tm369594,79921
ts87248,10927
ts103702,11039
tm368699,122321
ts80962,6724
tm863808,51232
tm244149,371209
tm827638,28617
tm849022,40703
ts225651,10317
ts221016,
tm431321,64117
ts304505,7655
tm403709,290643
tm840196,170728
ts287836,30746
ts284800,17992
ts235758,45346
ts224303,1211
tm827648,216847
tm849004,91043
ts242210,395
ts252758,1454
tm453862,29450
ts237107,17435
tm448792,49894
ts219660,47651
ts95997,14464
tm943790,6052
ts55762,43760
tm847085,79674
ts89564,28657
tm502532,7890
ts84633,34730
ts88379,45971
tm821789,71244
tm417553,168919
tm834851,128172
tm845489,38870
ts57213,24164
ts82913,114127
ts241248,522
ts80709,35108
ts222439,
ts83082,30134
tm824398,207877
ts218569,6147
ts113842,13570
ts223210,50250
tm818266,26368
tm460948,54166
tm911973,160806
tm362198,73859
ts105825,13038
tm244207,124218
tm372066,6194
tm832916,81513
tm239927,45200
ts90448,
ts246072,23180
tm428856,87891
ts219101,14518
ts221200,96015
ts83555,11928
tm849003,155135
ts88577,35067
ts223548,
tm916405,31819
ts84661,29446
tm496322,192132
ts105047,12456
ts241486,472
ts107724,5597
tm499045,14122
ts87364,27439
tm444017,91162
ts103133,56459
ts227305,76961
tm820190,37199
ts225522,74118
tm943774,5708
tm470240,34959
tm426428,52180
tm458585,59836
ts89210,29164
ts104401,36185
ts83657,27286
tm319470,44418
tm927718,4144
tm919961,47795
ts222988,5210
tm1121246,38850
tm925486,8502
tm456436,23979
ts90729,23706
tm432765,8078
ts224859,6989
tm417416,61878
ts223530,
ts103329,2020
tm441231,120532
tm927037,3641
tm443615,40447
ts84663,21887
ts86165,27693
ts215683,5963
tm836438,
tm447788,44715
tm447963,70860
tm843444,50236
ts85398,41386
ts218802,3491
ts129445,40535
ts236685,
ts84993,19398
tm420826,88714
tm919864,2471
tm927480,6607
tm455636,47603
ts237499,
tm983787,53131
ts249891,8598
ts286390,1711
tm877681,
ts236531,12001
tm850404,14600
tm821143,50275
ts82912,52731
tm449105,87080
ts89014,1193
tm460124,14496
tm678022,26197
ts250801,7135
ts281928,9391
tm433462,10056
ts225867,
tm441232,21501
tm464662,2861
tm417055,1659
tm456156,8074
ts83491,15135
tm886464,38647
tm853783,31180
tm935309,7971
tm428557,49391
ts223404,21104
ts93054,10263
tm824477,21562
tm435520,120871
ts82851,42018
ts216522,9440
ts221749,7813
ts88469,16773
tm285317,33724
tm443179,28355
tm332071,59491
ts90019,15871
ts223981,6145
tm857430,16939
tm824331,16049
ts88283,12799
ts105441,8508
tm878333,1817
ts220751,272
tm414341,28051
ts88485,2556
tm845496,7264
tm446176,21415
ts90937,9218
tm423666,29840
ts219080,17735
ts250997,6446
tm458553,20836
tm548602,31193
tm423140,15426
ts237560,23216
tm361998,17236
tm418847,43732
ts226468,2573
ts86908,7000
ts222835,1134
ts237111,870
ts110703,1356
tm348403,13267
ts255427,
ts255926,16978
ts161737,5098
tm469193,9306
tm450262,5447
ts223344,21582
tm449195,36805
tm307133,7063
tm498803,85270
tm411750,9200
ts93611,10854
ts255104,462
ts100116,2876
tm458467,9823
ts100359,4136
tm446609,22838
tm817709,4552
ts243036,4435
ts106536,16506
tm853953,
tm315255,30694
tm361746,10357
tm813695,29571
ts222455,13084
ts225101,9021
tm498034,5350
tm413660,54391
ts89282,7371
tm358770,22298
tm845484,6390
tm934040,26355
tm443154,11136
ts236747,5147
tm863280,
ts116814,5005
ts251654,
tm355783,34477
tm469991,31531
ts268608,9228
ts268799,
ts215691,10821
tm375883,141480
ts306090,4635
tm471878,3032
tm459742,3558
ts88699,4105
tm918706,10198
ts251782,7733
tm464351,14716
ts215012,5293
tm453099,6550
tm893799,9264
tm426638,3767
tm925584,10011
ts225787,3338
ts192440,285
ts88296,4298
tm845549,802
tm460829,2622
ts223126,8733
tm845512,
tm325325,19708
ts88262,3020
ts236501,5510
ts86726,3529
tm918734,8517
tm926004,
ts256309,6140
ts89251,7715
tm437221,4256
tm840438,1815
ts105645,1675
tm817504,11983
tm827216,10649
ts225718,5512
tm369389,2048
tm858954,11304
ts252856,6778
tm828069,5396
tm852097,9353
tm471967,21040
tm974366,14401
ts215178,6279
tm828317,14215
tm432022,5631
ts93066,16918
ts223759,16649
ts104840,2627
tm455568,13419
ts219162,10776
tm952590,8125
tm931686,9627
ts254592,758
ts81646,8380
ts219561,5230
ts272134,
ts91039,5025
tm812916,9422
ts92547,22045
ts113506,8096
tm898474,6710
tm935895,14021
ts87471,2284
ts89744,30734
tm447159,3515
tm852996,80
ts225912,9346
ts215341,
tm676311,8113
tm847430,
tm893480,83973
ts250912,7215
ts190462,2641
ts187541,7832
ts105542,4160
ts89075,3665
tm420455,23651
ts237109,8235
ts86978,585
tm924991,6041
ts215046,4355
tm846964,15029
tm436778,16441
ts189422,13670
ts88151,21077
ts223589,3177
tm847998,47588
ts275111,116
tm814671,21011
ts237513,4467
tm844250,14839
tm819950,
tm885775,5211
tm936236,9608
tm890660,12092
ts88721,9202
ts103209,1030
ts223240,12030
tm465724,10663
ts87008,7251
ts89119,10286
ts242820,2135
tm370530,3865
tm845415,19151
tm827142,25687
ts227385,
tm922788,37462
tm459512,37072
tm822246,4940
ts251028,496
tm315348,11115
tm849005,17878
ts106015,4719
tm839411,362
ts89832,2131
tm446625,1771
tm827501,23071
ts225544,10982
tm935878,
ts237751,1066
tm428558,8514
ts277126,1758
ts84586,13692
tm822907,1000
ts267956,
ts87986,2107
ts106126,4442
tm850723,6030
tm854669,3595
tm914535,3365
tm845535,2217
ts251094,3049
tm948128,1867
ts89747,7154
tm853396,
tm316311,10136
ts221293,
tm496648,2563
ts288350,9461
tm902330,9701
tm451548,1689
ts188991,4718
tm810547,6484
tm464557,37913
tm469008,1097
tm897732,2609
ts268560,5552
tm928541,442
ts225460,
tm444247,1507
ts224072,11586
ts83107,13531
tm467579,
ts216493,6052
tm500565,2782
tm452826,6085
tm475836,
ts251067,3786
tm977464,18
ts108392,7376
tm451512,24063
tm927286,442
ts222606,129
tm938793,2205
ts219895,9115
ts101874,2481
ts86744,5034
ts84129,2843
tm941382,3594
ts270465,1488
ts89326,1164
tm933375,30030
ts218888,2478
ts76382,5557
tm833638,2460
ts104449,5942
ts237096,3096
ts251617,1704
tm475783,986
tm451078,5384
ts91124,5262
tm855600,3380
tm827508,14938
ts88312,2908
ts256007,7896
ts89958,4200
tm120072,21515
tm856375,8675
tm462903,
ts101408,8848
ts219049,
tm845437,5301
tm814150,5047
tm461366,10411
tm981451,38301
tm855827,4072
tm511940,5596
ts85480,1979
ts315066,1234
ts221365,
tm890674,6305
tm834291,426
tm524282,5656
ts216474,3032
ts225860,
tm881162,10544
ts189405,1671
ts93482,1293
ts236033,
ts242244,2922
tm471922,4911
tm877456,228
tm818502,6492
ts236725,2276
ts113637,2127
ts222367,2637
tm884511,4578
ts252122,882
tm887450,4111
tm430171,1678
tm936396,61924
tm425698,5480
tm371882,
tm858001,
tm424074,12356
ts222917,2009
tm885860,
tm469400,1516
ts86927,3046
tm467299,3547
ts321758,7544
ts252098,
tm843768,3498
tm458721,3812
tm918701,
tm571805,11048
tm501222,5251
tm848995,18274
ts224164,
ts215378,13797
ts237208,1178
ts251157,
ts268890,2129
ts223192,4836
ts218803,
tm463385,2287
tm826563,
tm826473,
ts226602,3232
tm823355,3927
ts255880,1078
tm942240,4236
tm483997,30310
ts221174,90
ts103360,3447
ts220552,84
tm920096,157
tm864480,6732
ts111206,1444
ts296153,1183
tm898262,4598
ts254982,
tm824165,19091
tm465231,1798
ts215718,
tm883189,16731
ts225328,
tm458127,1541
tm475339,5122
ts268551,
tm881859,4334
tm503508,14154
tm827304,290
ts254600,1360
tm461829,3171
tm434553,2521
ts225716,3907
tm848996,3540
ts225162,
tm448767,12418
ts256783,1379
ts89048,2163
tm912373,2764
ts225669,
tm670553,5628
ts268508,3509
tm847629,1467
ts103890,783
ts221366,
ts236388,692
tm893816,10030
ts86413,7961
tm823488,552
ts218564,1045
ts89291,1274
tm467804,
ts254293,1151
tm922532,5809
ts237104,4031
tm844642,1571
ts114080,987
tm878842,2288
tm855483,7578
tm447520,1295
ts89876,3136
tm679284,17762
tm454824,5774
ts252341,981
tm453850,5392
ts237488,
tm447439,12699
ts222933,2908
ts312044,
ts220248,
tm467467,7013
ts269690,1069
tm834664,1629
ts221363,5108
ts268592,156
tm497383,9619
tm978401,
ts256764,1349
ts88471,3423
tm449594,1054
ts251560,1465
tm452851,6099
tm457856,2231
tm554944,20033
tm931158,196
ts237239,
tm834230,
tm470836,1923
tm472411,1146
ts225377,1522
tm454375,947
tm837756,7727
ts88909,1975
tm305433,3820
tm819054,1195
tm863890,4905
ts222325,523
ts218500,304
ts187386,161
tm490222,5414
ts86928,880
ts89881,6703
tm838876,670
tm868777,17092
ts90511,850
tm846166,2677
tm450478,992
ts213232,759
ts185885,2119
tm917325,175
tm986700,6126
ts217891,1808
tm838687,15053
ts85619,1610
ts268099,65
tm856593,1913
tm844662,3077
tm446581,14605
tm494731,8380
tm886283,3307
ts106141,661
ts225430,1977
ts257301,577
tm844513,608
ts255809,2375
ts192297,77
tm884369,1357
ts189629,569
ts216593,
ts82739,871
tm858416,
tm836662,2723
ts226588,3958
ts222634,1956
ts223895,1561
tm970327,29
ts251615,1041
ts216744,23
tm812998,46939
tm889629,1463
ts254568,948
tm977997,155
ts223077,
ts226617,2622
tm897170,2731
ts110637,1390
tm917974,19728
ts213820,3572
ts88744,1741
ts90621,66985
ts90995,514
ts88841,1147
tm916997,12828
tm852662,4831
tm376739,705
tm849937,983
ts93981,3210
ts102933,429
tm932609,4145
tm898169,
tm851346,570
ts252661,386
ts314648,151
tm894619,10749
tm885805,4230
tm483420,413
tm918853,4182
tm814644,13469
ts90413,159
tm850822,949
ts306187,2576
tm857187,2848
ts225102,2278
tm925785,586
tm855535,
tm514494,6215
ts214280,1098
ts187443,4065
ts251420,
ts225410,
tm453903,4593
tm843938,3739
tm674099,20019
tm811971,2341
ts86946,3003
ts90645,554
tm835432,3465
ts113748,664
tm413558,916
tm470560,4571
ts90095,10043
tm954543,777
ts235672,
tm434830,2012
tm893680,469
tm824559,7367
tm835486,1268
ts237014,
ts87224,2406
ts223238,2401
ts88271,592
ts90280,687
ts288353,2089
ts188840,1573
tm915043,5866
ts218277,1582
tm887369,5061
ts89231,2570
ts251512,1096
ts254916,1637
tm493175,1692
tm283581,13680
tm917036,
ts104485,1241
ts222049,2125
ts223456,2759
ts237773,
tm861718,3243
tm458893,8854
ts250800,
tm854278,
ts110635,2883
ts191121,2437
ts236051,756
ts213544,1937
ts89028,18732
ts269442,1010
tm898699,258
tm840224,2542
ts87320,688
tm453098,3762
ts269501,1215
tm848443,3130
tm898773,11654
ts90356,691
ts103213,1226
ts223948,3306
tm883441,3419
tm813929,52
ts238242,2528
tm857921,
tm465408,630
ts220983,
ts187070,498
ts256853,1042
ts251621,2481
tm452573,1793
ts89347,2712
tm822596,1313
ts250920,841
ts105192,899
tm319139,18554
tm495609,7297
ts85451,497
ts89583,2854
ts104168,1853
ts87488,979
tm470597,536
tm502151,1159
ts245653,
tm933447,1219
ts254045,
tm456074,1304
tm461159,3187
tm875736,268
tm816593,2166
tm454861,102
tm850862,
tm860965,
ts252166,595
tm919106,1659
ts233530,724
ts87473,1378
tm467848,3296
ts223659,6165
tm845532,3251
ts225539,765
ts190452,2314
tm836674,2279
ts222438,
ts90902,1308
tm912400,1468
ts251119,25
ts88821,560
ts91034,8796
tm816038,4503
tm943718,11329
ts101060,4542
tm423624,4288
ts88133,1433
ts317497,2125
tm518467,1522
ts216513,873
tm826368,6904
tm454096,3013
tm987599,601
ts87361,615
ts104507,658
tm831873,3912
tm856424,
tm884581,2616
ts231260,18
ts218176,2375
ts217719,614
tm885669,29280
tm843276,778
tm941531,4281
ts221851,365
tm873159,4647
tm430106,1867
ts254737,
ts224794,
ts88552,606
ts91087,2503
tm836638,2485
ts255418,3010
ts88352,1201
tm452440,1046
ts83810,1172
ts252318,804
tm949267,912
tm820116,1509
ts314647,
tm458363,2336
ts236332,1459
ts89331,798
ts254767,1139
tm856545,2613
ts219422,2371
tm886214,19630
ts237071,426
tm425944,1289
ts84639,598
tm888080,11227
ts191285,206
tm925490,231
tm450095,2647
tm452867,2096
ts87372,610
tm450698,6071
tm895839,
tm454156,3106
tm897418,1020
tm857397,1854
tm960414,9721
tm475430,1527
tm897771,
tm351938,3219
tm460360,3189
ts90789,1160
ts256606,2039
ts222609,
ts59542,
tm494531,3940
ts107963,972
tm1127695,6239
ts235979,1356
tm818786,988
tm674135,5778
ts227412,551
ts87698,422
ts87680,944
tm817087,1503
ts251378,769
ts90980,2886
ts225513,
tm484989,3639
tm455197,30949
ts88937,956
tm431349,384
tm886086,2173
tm889679,1391
ts85510,1541
ts101042,140
ts252977,
ts223690,
tm835869,
tm450673,5692
ts218367,188
ts90508,703
ts256784,
ts253549,
tm455410,864
ts108593,712
ts222803,1119
tm470378,2691
ts236182,1944
tm472766,1501
tm857399,1906
ts226403,761
tm428506,7700
tm464435,1322
ts218890,569
ts89361,563
tm832903,2567
tm910612,1999
tm885845,2693
ts252141,293
tm468724,
tm925218,391
tm1147120,
tm973704,3679
tm485801,1122
tm954606,250
tm469025,221
ts223242,870
tm458418,
ts251618,1210
tm458326,2341
tm948916,3712
ts251061,80
ts224891,
tm917822,8494
tm464888,
tm846941,
tm848663,
tm854876,2593
tm882887,1800
tm473601,
tm821164,1627
ts250871,1646
tm840723,5283
ts243256,651
ts224796,716
tm857051,4813
tm458328,27130
tm931330,6319
ts105608,542
tm1005077,25
ts222980,3670
tm944631,1641
ts89315,2809
ts269157,2298
tm889200,
tm823302,532
tm847623,370
tm832843,1077
tm375446,2279
tm822832,671
ts103935,743
tm849407,8221
ts223084,360
tm898759,
tm889390,
tm889018,
ts224198,
tm946604,1773
ts100354,717
ts254817,1394
tm450375,3334
tm954303,377
tm452962,
tm493511,8551
tm885470,
tm881891,1772
tm460815,11162
tm883113,
tm880059,3627
tm998899,616
ts253288,166
tm474862,858
tm372035,1410
tm449590,8487
tm849251,
ts89340,803
tm975765,1472
tm827640,4527
tm850454,844
ts270439,515
tm947555,1708
tm835305,
tm843944,
ts217356,8884
tm460259,815
ts256898,
tm879609,772
ts88336,1204
tm426630,2752
tm932595,4067
tm451584,523
ts254537,3552
ts268758,3712
tm918962,1706
tm1081074,704
ts86365,1579
tm466832,2780
ts218504,119
tm464527,1353
tm945825,349
tm927926,1058
ts225379,
tm474548,2890
tm819107,5111
ts89330,343
tm827168,
tm838869,
ts91125,
tm812781,1920
tm884616,320
tm945168,6189
tm933639,176
tm847805,37528
tm938227,2675
tm910999,534
tm980097,564
tm475501,1790
tm845552,
tm948607,5296
ts218776,247
tm818588,1269
ts250803,527
ts79695,1067
tm852060,25
tm469432,743
tm842829,
tm898180,
tm461827,2466
tm814734,5957
tm450832,2225
tm849131,3048
tm925858,1544
tm932201,
ts90640,30
tm428702,1320
tm475162,
tm853910,646
tm822099,9475
ts262037,125
ts270742,62
tm818154,1732
tm450462,9778
tm474695,336
tm447755,680
tm912415,366
tm465984,
tm429172,670
tm825102,1672
ts237304,
ts243189,30
tm821662,1544
tm819497,533
tm465427,2032
tm452929,1245
tm937265,1273
tm421560,1381
tm973536,3342
tm854682,168
tm466255,4437
ts86940,450
tm462551,394
ts214462,172
tm833382,803
tm863879,
tm912327,635
ts251272,405
ts269073,9666
tm473813,4689
tm840761,
tm878995,153
tm982100,2540
tm483602,10149
tm931436,
tm838705,2705
tm901947,2253
tm975398,1359
tm470252,828
tm463038,4885
tm462778,2201
ts214192,208
ts104483,3788
ts250872,454
tm830795,2160
tm849323,15026
tm919920,613
tm455981,584
tm462611,2326
tm453727,1303
tm814894,535
tm816992,4064
tm477006,4075
tm839761,262
ts269740,488
tm908529,964
ts87489,1249
ts216698,
tm944331,2016
tm940566,1207
tm979689,
ts217389,1746
tm851912,34423
tm926528,14048
tm838765,6704
tm890591,
ts223982,148
tm844497,
tm856945,
tm977952,
tm857805,
tm892081,2491
tm912190,2906
tm678851,32336
tm919903,902
tm474061,1220
tm675171,1341
tm467116,45
tm494847,4298
ts103918,99
tm373471,571
ts214463,133
tm511991,2254
ts91741,1243
ts223308,591
ts218000,592
tm946360,807
tm938466,445
tm850730,
tm842817,106
ts218307,355
ts222942,317
tm884531,
tm871330,504
ts223110,578
tm957567,415
ts226410,614
tm841410,
ts222599,2560
tm431810,768
ts112733,13210
ts224906,201
tm946801,4476
ts104516,47
tm918373,818
ts105601,284
tm869373,487
ts214861,2615
tm957903,356
tm946927,339
tm945435,131
ts228502,914
tm466954,3460
tm850176,
tm845020,930
tm843345,74
ts217045,528
tm889647,1069
tm847008,313
tm1172010,
ts112667,238
tm845850,
ts251929,110
tm946718,
tm844208,172
ts221041,19
ts217050,37
tm462660,1717
ts101503,333
tm977478,346
tm910040,
tm452574,1654
tm483511,935
tm469966,1092
tm420181,716
tm676905,30
ts262228,13
ts90063,2063
tm828326,528
ts89182,128
tm965408,23
ts252015,213
tm455161,5438
tm919082,177
tm452996,2368
tm866782,4819
tm935388,4699
tm1096875,
tm826875,
tm882875,
ts251072,62
tm897794,64
tm828570,321
tm825952,797
ts88608,699
tm462277,5728
tm943771,1434
tm838007,7522
tm817284,51
tm887052,929
tm834608,371
tm918960,81
tm977782,316
tm459329,278
tm933826,7390
tm849599,320
tm838022,860
tm863514,1633
tm981475,196
ts237556,189
tm461726,
tm845616,474
tm872732,90
tm854454,2721
tm810423,716
ts89696,327
tm957792,339
tm849102,1492
tm946277,1485
ts266966,110
tm925186,977
tm514257,8674
tm1013697,118
ts89363,53
tm863992,202
tm882700,
ts251616,136
tm841239,1356
tm851862,475
tm837648,
ts253722,380
tm976632,6075
ts221151,577
tm843958,570
tm431769,980
tm366245,7559
ts241460,
tm1079495,375
ts269844,6628
tm822210,85
ts256297,157
ts236197,
tm472195,1087
tm971431,
tm466426,1590
tm943808,650
tm451852,586
tm844978,218
tm877746,1562
ts88166,308
tm918043,17570
tm835512,201
ts256134,169
tm918258,597
ts89895,249
tm972010,
tm426634,239
tm442199,2345
tm908777,190
ts225647,
ts105589,78
tm852728,43
ts103574,131
ts269283,
tm847678,
tm835414,5
tm859143,17828
tm918026,504
tm812593,169
tm825210,651
tm810642,693
tm845370,
tm457296,1332
tm822271,438
ts236769,2223
tm810836,
tm473647,628
tm452900,771
tm840216,1664
tm857873,
tm492043,2774
tm854749,
tm923612,155
tm456894,
ts92405,2673
tm465513,609
tm973335,3321
ts223062,
ts222625,366
tm234980,357
tm980358,
tm468200,3522
tm837690,1532
tm885364,
tm845588,
tm828318,2182
ts238316,456
tm893874,5333
ts189314,555
tm929600,194
tm845594,960
ts266898,148
tm464212,1128
tm832463,363
tm938333,52
tm842976,138
tm824324,
tm463814,130
tm907872,1036
tm845117,956
tm834121,
ts233367,130
tm456271,
tm850382,1723
tm938048,
tm824560,172
ts236653,340
tm863611,3212
tm813936,946
tm832844,434
tm1149814,21
tm982569,318
tm468651,226
tm881575,8
tm907704,138
tm494190,171
tm462037,341
ts269085,
tm946795,958
ts257243,382
tm474647,
ts88146,570
tm822502,348
ts222687,82
ts223454,
tm484173,353
tm918894,3120
tm842869,46
tm474721,51
tm847212,
tm931701,774
tm1020701,54
tm457410,14221
tm917999,716
tm461532,1737
tm862830,1258
ts221891,126
ts298837,6
tm836501,37
tm851860,139
tm474263,582
tm949905,316
ts90466,6
tm920320,208
tm476922,616
tm467955,110
tm976168,18
ts89336,148
ts89656,224
tm845942,216
ts314529,
tm950808,
tm507191,122
tm958984,31
tm474496,468
tm466850,96
ts213611,57
tm115973,19
tm1015303,101
ts214579,71
tm823459,215
ts252695,160
tm849871,102
tm817542,81
tm983091,
tm896246,444
tm845607,122
tm881984,1433
ts217553,
tm917846,
tm921416,5571
tm881973,
tm452237,1082
tm851499,1232
tm813938,295
tm818499,267
tm853485,290
tm898285,25
tm853113,15
tm830994,
tm819016,269
tm1080109,
tm920599,
tm848261,95
tm908128,6732
tm813634,195
tm941493,
tm477403,73
tm854786,1312
tm468824,71
tm825934,29
tm843143,
ts90643,
tm813423,37
ts230973,42
tm927033,22
tm830833,1972
tm887376,
tm859424,
tm677746,608
tm810873,366
tm475638,36
tm437379,108
tm981956,60
ts229700,
tm902363,
tm839479,366
tm405637,5530
tm982018,212
ts223098,35
ts233732,37
tm885948,948
tm475815,2378
tm435836,635
tm812783,71
ts89679,93
tm1028083,154
tm824566,29
tm813075,90
tm837843,170
tm893510,832
tm996316,50
tm847630,1329
tm852775,250
tm430120,376
tm977772,99
tm981770,139
tm1004219,36
tm866495,200
tm439365,418
tm683841,1033
tm922407,1538
tm822272,549
tm467735,94
tm832684,170
tm984018,
ts224261,100
tm373655,1231
tm452578,418
tm840208,422
tm886360,229
ts225708,3074
tm819841,332
ts215166,362
tm832289,43
tm1026231,
tm464509,1750
tm938186,
tm912399,92
tm824858,
tm835958,102
tm1047951,30
tm947446,155
tm953122,
ts251783,
tm984935,296
tm1026240,23
tm454464,1727
tm373452,6647
tm843222,
ts45322,121
ts222512,112
tm929614,207
ts223121,17
tm854261,7453
tm937044,118
tm435327,466
ts78324,865
tm834715,3073
tm1036794,
ts223115,17
tm814652,1036
tm835445,883
tm461427,273
tm815438,483
tm468811,543
tm883070,196
tm929630,1111
tm810357,
tm1005937,17
tm831934,38
tm830151,1116
ts222802,261
tm899554,48
tm860204,
ts237487,22
tm975616,18
tm840242,
ts87599,158
tm976797,14
tm1114639,
tm838954,
ts268648,398
tm844236,
ts90696,48
ts90568,
tm938434,217
tm466854,880
tm894858,
tm472999,704
tm1073424,
tm469510,1968
tm924556,1235
ts268997,182
ts221472,213
tm831196,1087
tm918959,
tm831125,
tm674494,29
tm474618,145
tm675214,148
tm453994,731
tm677904,33
tm890479,
tm476708,349
ts235689,111
tm935941,47
tm936519,
tm834653,375
tm472961,
tm818239,859
tm852207,
tm820338,521
tm675154,1036
tm945831,
tm679270,404
tm540277,299
tm844201,57
tm488551,44
tm882222,
tm840152,
tm1113921,
tm475254,653
tm1030742,
tm1031016,
tm878495,37
tm478962,166
tm1068745,
tm916008,
tm476593,104
ts222901,21
tm814953,729
tm836077,26
tm855232,
tm935993,1543
tm848444,2233
tm882606,343
tm942492,
tm976519,734
tm483103,33
tm888850,
tm826677,
tm833361,
tm483190,45
tm1088545,
tm833555,
ts213071,43
tm435295,479
tm980439,39
tm678035,59
tm846630,189
tm885938,
tm824855,183
tm983849,256
tm894241,987
tm464284,193
tm922943,
tm878492,54
tm944561,
tm977184,48
tm873655,43
tm867288,73
tm925702,201
tm811954,366
tm837042,
tm1000551,1536
tm981675,25
tm896976,
tm460199,1513
tm498444,57
tm816983,145
tm823848,
tm822167,264
tm918704,
tm837802,12
tm1080554,
tm989205,
tm853091,
ts258169,291
tm919210,
tm1028068,
ts223078,
tm849565,
tm1000166,
ts234501,61
tm944307,1387
tm510525,137
ts235916,234
ts269280,491
tm472231,182
tm460149,451
ts222838,
tm873357,700
ts255823,107
ts241246,105
tm856372,
tm493556,64
tm971819,172
ts215869,382
ts234505,126
tm530822,58
ts215862,14
tm1073298,
tm816432,999
tm461907,184
tm463217,1189
ts89531,
ts236850,170
ts251607,18
tm454431,294
tm446480,750
tm869307,
tm979073,
tm1041549,
tm879556,71
ts90648,
tm454338,451
tm470687,
tm474405,172
tm471802,45
tm873354,130
tm902993,8
ts89740,68
tm836449,140
tm462809,158
tm455715,1047
tm843408,6
tm476496,195
tm815509,98
tm898322,62
ts304136,
tm901961,52
tm940835,
tm846354,300
tm823350,52
tm915354,190
tm451502,398
tm450129,73
tm921230,270
ts222362,35
tm826983,
tm451269,118
tm840236,547
tm460411,1123
ts224956,
ts283159,16
ts264270,16425
ts217231,28978
ts90093,3409
ts342732,
ts108385,54105
tm1082564,156603
tm1043537,1972
tm674063,158487
ts225061,11322
tm1166024,14911
tm1075698,19689
ts344184,3984
tm1120543,20080
tm1185367,1184
ts256310,4796
ts270910,31330
ts222333,175412
tm1083293,17218
tm979026,96418
ts301625,1113
ts311987,2062
ts215951,102321
tm856378,498447
ts307973,10414
ts240453,1991
ts333834,1440
tm852172,4932
ts294338,618
ts256072,38964
ts256710,43068
tm413169,10714
ts343599,4711
ts220305,416738
tm1185374,2233
tm1064065,17101
ts343432,3861
tm1137051,2468
tm1080083,56650
tm1191224,10739
ts331448,973
tm370144,100787
tm404856,255356
ts281927,28669
ts223537,74955
ts340376,1103
ts346959,958
ts87242,77782
ts296046,100575
tm937814,7192
ts328625,
tm825714,57549
tm1196288,
tm1014947,18057
ts227473,14449
tm1185421,
ts321918,4761
ts225855,41393
ts257504,599
tm1142224,12270
tm1185360,3270
tm1165983,20207
ts102086,57514
tm857461,44045
ts330402,465
tm1120855,1432
ts329699,1496
tm1019177,7434
tm1166288,6417
ts237722,5792
tm1166020,1768
tm1066826,1189
ts85985,35427
tm991529,30235
ts343430,1196
tm1092864,101975
tm986168,113483
tm983784,4049
tm1150385,57606
ts232107,18548
ts237713,49182
tm1033470,19029
ts300391,50140
ts94677,8
ts251675,22107
ts234817,6663
tm1185687,2122
ts286731,4358
ts314164,603
ts327074,
tm1111987,26781
ts279892,44573
tm946869,45810
tm471968,13553
tm1138477,9428
ts311985,15137
ts250998,717
ts331681,176
tm1048362,71036
tm501313,40888
tm1110527,960
tm983723,4416
ts225645,15894
tm1046026,19706
ts289334,19604
ts296472,41253
tm1022103,3722
tm456513,166882
ts321513,276
ts311989,7269
ts310057,16927
tm1119272,22858
ts225657,14040
ts229335,3709
tm1038686,44074
ts287976,26732
tm1191019,
tm347095,36803
tm855839,8270
ts255037,9500
ts312984,209
ts95572,41782
tm1048678,19
ts287352,8367
ts346034,
ts346500,
tm851128,6986
tm1179973,3850
ts273436,6028
tm1046932,57689
tm861000,12745
ts237972,13095
ts262246,500
ts330347,1492
ts328541,5224
ts302363,4081
tm859005,782
tm1002815,8278
ts88578,20300
tm817075,3383
ts308845,7313
tm1087461,10906
tm1188819,257
tm1092958,13913
tm416779,70886
tm1000619,21328
ts330425,64
tm1187913,1503
ts282131,3090
tm1141439,16320
tm1185388,9
ts331680,557
tm1200703,
ts220553,14714
tm1003630,12339
ts328194,18446
tm1046627,14887
ts307649,8881
tm810504,2486
tm1046264,21511
ts296214,8041
tm1201670,
tm1185506,630
ts283080,12148
ts287438,29019
ts219423,26127
tm992844,71915
ts108042,3597
tm1075215,15125
ts271413,23939
ts281062,2973
ts343427,148
tm1168932,1707
tm1003034,41508
tm813078,1729
tm1110150,14421
tm1000147,3878
ts271867,15134
ts272980,12367
tm1027081,44006
tm974195,1282
tm1021871,11733
ts273229,1532
tm1063652,15464
tm841825,3468
tm993670,12284
ts328605,6624
ts314135,1255
tm1151272,19332
tm1005109,4890
ts287559,37235
tm897466,4458
tm314863,17650
tm841797,37401
tm977704,1533
tm1202960,
tm525645,74672
tm1141594,11224
ts330289,
ts270405,7096
tm1107225,7902
ts271595,16799
tm993838,4664
ts290643,1984
ts329700,522
tm1020820,16890
tm1191860,
tm999927,1626
tm1198745,276
ts314594,2908
tm1093099,48521
ts315611,857
ts297483,9987
tm858869,44054
ts343404,
tm833216,29915
tm1159163,5985
tm1096775,1076
ts343251,38
tm912100,13968
tm458292,24659
tm981945,16302
tm465421,2882
ts1475,1111
tm1108321,24903
ts297846,2827
ts288087,5093
tm992260,23141
ts329885,133
ts296563,81
ts306203,3038
ts304053,1642
ts253813,3941
ts284702,4246
tm1079334,5674
tm1131382,1549
tm1108648,3782
tm824160,58277
tm459789,25460
tm919880,950
ts299865,1698
ts269676,4776
ts104499,3701
ts288744,982
tm1038344,20828
ts287532,
tm863351,3761
tm976166,35760
tm949309,58190
tm1018890,29604
ts319303,2735
tm1064228,34661
ts314742,1618
tm1018427,24003
tm855075,7958
tm1104532,6612
tm1165219,1828
ts272463,7021
ts286317,8124
tm1020851,7328
ts320426,3355
tm1138870,15032
tm1158704,3447
ts296825,3863
tm1044275,
ts256311,2575
tm1187638,
ts269881,4647
tm1182144,585
tm1146393,2840
tm1038327,25253
tm1080252,6444
ts287294,2143
tm1173806,
tm1198504,
tm473502,23781
ts312071,3724
ts271888,37995
ts250092,1480
tm1073510,17719
ts302312,1718
tm1025493,13140
ts287328,4999
ts317422,846
tm1195032,
tm1087160,1682
tm1038363,6165
tm879685,46
tm1039147,
tm1107063,3820
tm1082974,1654
tm1167440,3731
ts260477,3229
ts265991,3637
ts304468,150
tm922429,7558
ts321614,
ts315041,1897
ts291718,4209
tm983658,711
ts329854,
ts300456,1170
ts307925,2841
tm898614,30580
tm1164962,3704
tm858000,8367
tm922706,
ts280892,1262
tm1183542,321
ts273485,1483
ts301915,
tm1042481,1700
ts268102,2163
ts282133,10
ts273100,17429
ts271604,1712
ts313781,7810
ts311791,1864
ts305264,1572
tm1177856,2125
tm673809,21558
tm434625,24712
ts222864,2019
tm999817,2181
tm1045741,6432
ts255486,1612
ts215989,8176
tm1132176,4274
tm1020326,
ts299874,2624
ts257345,3634
tm1038369,11401
ts241854,
tm1141923,8127
tm1102868,3436
ts288489,
ts287722,2296
tm1052498,1349
tm1150872,1964
ts270798,433
tm1003353,7993
tm881587,464
ts320302,2907
ts288005,4485
tm1110389,14862
tm1003261,1295
ts246178,1111
tm1086874,24681
ts246073,11794
tm863823,9819
ts192196,4963
tm860261,24232
ts308838,1912
ts216407,4022
tm1028298,23474
ts271025,2608
tm983668,2303
ts29800,1991
tm1120509,482
ts317522,1622
ts317078,542
tm166973,3000
tm1082314,7532
ts305263,1004
tm1134006,14315
ts271321,2776
tm1174920,374
tm1131061,2146
tm1030495,
tm1162608,215
tm1120902,3900
tm1093287,1572
tm1144897,3049
tm863919,2393
tm1087932,7084
ts220196,1939
tm1084966,873
tm1074764,4529
ts240807,479
ts313689,
ts289620,9504
tm1106212,2815
ts301999,1413
ts346007,
ts319333,1330
ts313668,7595
tm888243,2714
ts283610,1514
ts315144,
tm1049155,2074
ts306510,66
ts343426,
ts271517,5396
ts306322,3954
tm675820,20838
tm1150256,3916
tm1087956,8223
ts341760,445
ts302714,1319
tm993790,
ts271593,1976
ts310376,713
ts280693,509
ts293814,341
ts296129,2254
ts320557,671
tm984204,4248
ts301196,1371
tm1020073,40788
tm1127479,952
ts320502,494
ts317297,497
ts223450,5307
tm1195428,
ts255779,344
ts287045,8185
ts320183,1460
tm1003725,11727
tm983270,41562
tm319224,1893
ts301914,534
ts283676,2429
ts272669,463
ts268835,3688
ts317612,394
ts308511,574
tm1166015,1432
ts188861,60
ts308689,72
tm1096769,
ts269286,437
ts320075,7629
ts304058,2460
tm1092995,1448
tm963182,4614
ts296091,1851
tm1083068,2802
tm1102891,4185
tm1137862,2913
tm1074621,
ts72196,325
ts269493,1540
ts310331,427
tm960924,150
tm998188,3080
tm1036270,5704
ts296081,593
tm921206,15536
ts287802,824
ts239188,2302
tm988736,286
ts308039,
ts283528,1076
tm991351,4169
tm813372,9968
tm1077013,3123
ts297031,
tm972519,1611
ts315551,655
tm1092892,1145
ts306068,691
tm1040688,
ts319412,1016
ts326955,
tm998858,601
tm1000797,1808
tm362072,5574
ts272366,1281
ts271726,179
tm880822,1331
tm433048,556
tm1031976,39620
ts317526,708
tm1125844,3073
ts284862,
ts258415,4075
tm872108,4465
tm985550,5435
tm948681,18840
ts302653,968
ts330132,459
ts14520,66
ts241296,1431
tm1142517,
ts271720,335
ts282291,2317
tm1029256,10748
ts315549,620
tm1108621,4205
ts257817,6162
ts296069,1903
ts308516,354
tm810494,3181
tm950444,4180
tm894254,9792
ts296059,2609
tm998726,7726
ts104362,1354
ts321084,900
ts90023,5708
tm1179176,54
ts260502,631
tm834847,1240
ts232506,5516
ts326029,28
ts317720,1087
tm1064532,1380
ts312200,2729
tm1040671,1215
tm984155,4093
ts244930,436
tm996010,729
ts272939,2702
tm1077201,6699
ts108621,8569
ts292662,94
tm1171107,551
tm965754,589
tm1038355,8276
ts288472,532
tm1041543,2534
tm945448,1789
tm949382,4170
tm1030283,4057
ts319460,791
ts302489,1383
tm1021689,594
ts307745,836
ts320872,788
tm1185568,144
ts317423,228
tm421437,1295
tm466544,75199
ts288065,1287
tm1106806,
ts226392,4907
ts306188,688
ts312094,404
tm1119136,109
tm1147890,7
tm1098514,1413
tm1000599,385
ts288195,18
ts257271,1183
tm1104252,394
tm1084481,906
tm1107912,1032
tm1002408,888
tm876608,2023
tm1119015,350
ts328617,443
ts297247,232
tm1143058,2152
ts328317,157
tm1129217,1541
ts297675,1105
tm454879,11715
ts282840,311
ts321966,1362
ts302058,335
tm996040,368
ts321437,704
ts291150,478
tm982887,4027
ts286632,1480
ts330012,1302
ts313849,466
ts314395,1383
ts329711,65
tm1111920,
ts317064,1150
tm1174856,414
tm998033,14590
tm983730,307
ts235563,1766
tm1022893,2079
ts302570,777
tm1143258,2759
ts310335,609
tm1111616,687
tm1011188,826
ts305890,260
tm1159301,
tm1178876,313
ts331654,51
ts254928,
ts325756,474
tm1040337,1935
ts273245,1853
ts287703,1101
ts287838,1518
ts243780,136
ts289364,266
ts279953,2024
tm1173363,
tm1102151,800
ts301609,425
tm979688,2632
ts297065,680
ts304709,651
ts273318,3301
ts329882,110
tm1018418,
ts317144,496
tm1165118,728
tm902870,258
tm1091155,2400
tm872496,486
ts289261,68
tm1179579,2325
tm1111595,2231
ts282155,1270
ts285469,445
ts272515,659
tm960145,5361
tm990835,14348
ts299485,1193
ts288540,8668
tm1115392,10903
tm1082359,561
tm1047190,709
tm1038857,383
tm1043290,2054
tm1115800,729
tm1000037,889
ts313902,83
tm1023388,3282
tm1130264,500
tm816591,973
ts275448,2024
ts287853,293
ts342479,
tm1088320,5622
ts287149,2860
tm1065788,2774
ts270807,538
tm926580,2158
tm1152323,125
ts273461,
tm1130995,1579
tm979182,13156
tm1092309,655
tm1031186,641
tm1092075,993
tm1017664,4296
ts316965,223
ts297763,1009
tm963023,12303
tm960430,633
ts300274,1055
tm993435,474
ts299321,560
tm1000296,3045
ts288997,697
ts292446,74
tm1031448,
ts306135,232
tm992279,966
tm1080406,258
ts258321,131
tm1070032,2697
ts289757,934
ts309676,1278
ts311958,218
tm1128292,957
tm890013,1356
tm1015103,865
ts288064,1108
tm1129394,5618
tm950360,
tm1159300,
tm1165179,41
ts287941,27484
tm1001108,4934
ts268220,
tm1160484,202
tm1119455,
ts283639,6379
tm1063034,
ts311915,2122
ts257315,134
tm1174919,
tm1040733,124
tm1006127,1079
ts254956,
tm1137797,767
tm1022912,2672
tm1130275,568
tm886188,1265
ts303513,
tm1094069,1158
tm1075596,
ts287741,603
tm1160938,173
ts319464,
tm1204412,
ts304690,65
tm1027297,
tm1172600,796
tm1120937,681
tm1118822,395
tm1102570,175
tm990983,11804
tm867681,25771
tm1160424,529
tm1114205,289
ts314963,76
tm1049290,1394
tm1002869,69
tm1150800,356
tm1143319,
tm861018,2387
tm980657,2676
ts285854,
tm1131895,465
ts307981,338
ts288545,674
ts61384,281
ts296179,373
tm958688,2472
ts273275,433
tm1150727,3950
tm990972,1302
ts320407,97
tm1013111,1483
ts293346,402
tm1073802,
tm1063013,3385
tm1039422,2086
tm859256,
tm1001267,3948
ts285471,85
tm1111717,
ts283614,572
tm1082515,2384
tm876997,3125
tm1118234,568
tm1102226,882
tm876083,4273
ts285470,117
tm1038364,1367
tm1131374,97
tm1116525,952
ts310628,31
tm1119172,743
ts286218,445
tm1049265,540
tm1152224,3436
tm1001095,9912
ts257873,789
ts296201,2088
tm977620,1090
tm1045603,836
tm1161223,
ts282876,658
ts331449,193
ts229537,38
ts346656,
tm989672,577
tm975741,126
tm1054462,444
ts287729,2323
tm1101878,154
ts267062,263
tm986017,244
tm1037704,5586
tm1027639,9400
tm997608,419
tm1001619,1623
ts311887,
tm1109843,17141
tm1074622,
tm904862,1910
tm1025318,5620
ts288832,204
tm954297,868
ts272092,886
tm1124066,116
tm1106551,74
ts316882,179
tm1095880,102
ts285106,727
ts305732,546
tm1044137,132
ts301964,
tm1031499,722
tm1029279,226
tm1108010,
tm919869,3095
tm1000185,3059
tm1036542,
tm1020293,240
tm1096880,56
tm942277,361
ts302056,318
tm981676,1262
tm1037687,1672
tm1033803,1327
ts285874,77
tm810657,
tm1027712,2393
tm1164320,
ts282214,98
tm1087383,1658
tm988879,1364
tm1068777,306
tm1030071,
tm1037519,1632
ts292270,182
tm985712,634
tm1142245,1265
tm1147172,56
tm869475,9133
ts274575,145
ts314962,202
tm1106900,336
ts319608,41
tm1091823,
ts289982,281
tm1003376,1727
tm1068632,1165
tm1111559,348
ts296581,
tm1039168,2416
tm1165244,749
ts321254,
tm1110205,321
tm983466,3260
ts317709,314
tm1064988,792
tm1028026,3021
tm1107848,31
tm1039571,
tm1053409,153
ts305254,396
tm1019865,2248
ts293103,339
tm1159947,215
tm1024062,6780
tm1038096,885
tm989502,804
tm1030241,11582
tm1099969,1156
tm1019822,
tm1024535,319
tm995613,928
tm1068692,43
tm1127511,64
tm1055586,215
tm996996,624
ts288861,5
tm462311,938
tm1120636,24
tm990740,
tm1166429,186
ts308053,205
tm1141663,6680
ts188367,4841
tm1033635,195
tm1107850,35
tm1073555,1473
tm1042277,
tm983722,1757
tm1147041,133
tm1183575,
ts330422,21
tm1102856,954
ts322267,24
tm988801,529
tm855340,30439
tm1076198,722
tm1037800,73
tm1029314,4934
tm1080114,826
tm1099320,252
tm945283,
tm1159298,
ts270616,156
tm1119331,62
tm1022280,
tm998678,
ts269300,
ts272422,339
tm1120766,493
tm1018592,557
tm1011248,96
ts297132,
tm1102410,
tm1066324,38
ts268103,
tm1019084,
ts322506,13
ts288544,23
tm1121084,105
tm1049083,
tm994923,79
tm1141346,32
ts287804,
tm863829,1185
tm1068720,37
tm1049317,439
tm831387,349
ts297729,
ts302434,
tm1059008,66
tm856634,11596
tm1064193,220
ts320335,265
tm1110241,1462
tm1109080,
tm1043655,15
tm985747,243
tm1015884,63
tm1121098,56
tm1067260,1566
tm959213,301
tm918777,285
ts285422,1565
tm886193,777
tm987730,2888
ts283284,3470
ts297685,24
tm1045883,366
tm1032950,
ts308002,1728
tm1040959,
tm988613,1744
tm1110212,170
ts284885,433
tm1122095,336
tm1038025,101
tm997617,
ts287687,41
tm1036797,4496
tm1027177,262
ts345779,
tm1047429,
tm1082795,51
ts309235,702
tm1091284,853
ts307816,15
tm998544,48
tm1099342,50
tm982470,10418
tm898842,339
tm1146635,15
tm1091956,133
tm1094060,
tm1046969,153
tm1063339,38
tm1074617,
tm1026043,43
tm1080697,118
tm1035612,
tm993616,966
ts273317,727
tm851599,205
tm1040832,38
tm1025616,202
tm846586,272
tm1106888,423
tm996479,758
tm1097142,281
ts296698,
ts297061,
tm878575,188
ts286386,327
tm985215,45
tm1004011,950
ts307884,
tm1040816,26
tm1014599,39
tm1108171,
tm1045018,32
tm1098060,9
ts271048,16
